scope,model,target,strategy,cost_bps,best_by,best_threshold,metric_value,metric_at_threshold0
global,baseline_last,ALL,long_flat,1.0,cum_return,0.005,0.0231733892219621,-0.0383010543690661
global,baseline_last,ALL,long_flat,1.0,sharpe,0.005,-0.0007632747729399,-0.3047260180877991
global,baseline_last,ALL,long_short,1.0,cum_return,0.005,-0.2199023142674388,-0.3779604403705573
global,baseline_last,ALL,long_short,1.0,sharpe,0.005,-0.5231991319267568,-0.9104811465415532
global,baseline_zero,ALL,long_flat,1.0,cum_return,0.0,0.0,0.0
global,baseline_zero,ALL,long_flat,1.0,sharpe,0.0,,
global,baseline_zero,ALL,long_short,1.0,cum_return,0.0,0.0,0.0
global,baseline_zero,ALL,long_short,1.0,sharpe,0.0,,
global,knn,ALL,long_flat,1.0,cum_return,0.0,0.0602893498461204,0.0602893498461204
global,knn,ALL,long_flat,1.0,sharpe,0.005,0.3676755708572429,0.1410228180035652
global,knn,ALL,long_short,1.0,cum_return,0.005,-0.0749419785213554,-0.2575513862663268
global,knn,ALL,long_short,1.0,sharpe,0.005,-0.1657237647494036,-0.3952121560632602
global,mlp,ALL,long_flat,1.0,cum_return,0.0,0.2167672833338296,0.2167672833338296
global,mlp,ALL,long_flat,1.0,sharpe,0.0,0.3693500585595554,0.3693500585595554
global,mlp,ALL,long_short,1.0,cum_return,0.005,-0.0139976572839096,-0.0491510366435402
global,mlp,ALL,long_short,1.0,sharpe,0.0,-0.0510596926612911,-0.0510596926612911
global,rf,ALL,long_flat,1.0,cum_return,0.0,0.2298042650519929,0.2298042650519929
global,rf,ALL,long_flat,1.0,sharpe,0.0,0.3305272730775217,0.3305272730775217
global,rf,ALL,long_short,1.0,cum_return,0.005,0.103693870621772,0.0331133715934595
global,rf,ALL,long_short,1.0,sharpe,0.005,0.2217365596661694,-0.0794039526775565
global,ridge,ALL,long_flat,1.0,cum_return,0.0,-0.062187424723027,-0.062187424723027
global,ridge,ALL,long_flat,1.0,sharpe,0.0,-0.2009494766602294,-0.2009494766602294
global,ridge,ALL,long_short,1.0,cum_return,0.0005,-0.3924838048808179,-0.3972685642879315
global,ridge,ALL,long_short,1.0,sharpe,0.0005,-0.8136273037271542,-0.8245121891811077
per_target,baseline_last,y_BTC-USD,long_flat,1.0,cum_return,0.002,0.7623562185576858,0.662099148997408
per_target,baseline_last,y_BTC-USD,long_flat,1.0,sharpe,0.002,0.5210347683575777,0.4652775352831886
per_target,baseline_last,y_BTC-USD,long_short,1.0,cum_return,0.0,-0.3989670616455779,-0.3989670616455779
per_target,baseline_last,y_BTC-USD,long_short,1.0,sharpe,0.0,-0.03452816641904,-0.03452816641904
per_target,baseline_last,y_GLD,long_flat,1.0,cum_return,0.003,0.6038900862583316,0.1720786661376465
per_target,baseline_last,y_GLD,long_flat,1.0,sharpe,0.005,1.3863184437979217,0.4114014938133222
per_target,baseline_last,y_GLD,long_short,1.0,cum_return,0.005,0.394220889720452,-0.2996298525556092
per_target,baseline_last,y_GLD,long_short,1.0,sharpe,0.005,0.8547158536886904,-0.5485044512455958
per_target,baseline_last,y_TLT,long_flat,1.0,cum_return,0.003,-0.1048961038102357,-0.289436530519552
per_target,baseline_last,y_TLT,long_flat,1.0,sharpe,0.003,-0.5026890946621853,-1.3762791773516083
per_target,baseline_last,y_TLT,long_short,1.0,cum_return,0.003,0.0227808870487919,-0.3393357299822497
per_target,baseline_last,y_TLT,long_short,1.0,sharpe,0.003,0.1228322690177964,-1.1650840876694823
per_target,baseline_last,y_UUP,long_flat,1.0,cum_return,0.002,0.1062405016543779,-0.0926279896432135
per_target,baseline_last,y_UUP,long_flat,1.0,sharpe,0.002,0.862511891170455,-0.5913568213344857
per_target,baseline_last,y_UUP,long_short,1.0,cum_return,0.002,0.0145659783968592,-0.2825513008724142
per_target,baseline_last,y_UUP,long_short,1.0,sharpe,0.002,0.1109128822427326,-1.5584263223859651
per_target,baseline_last,y_XLB,long_flat,1.0,cum_return,0.005,-0.2195224057567097,-0.2278235169334694
per_target,baseline_last,y_XLB,long_flat,1.0,sharpe,0.0,-0.7250700192428444,-0.7250700192428444
per_target,baseline_last,y_XLB,long_short,1.0,cum_return,0.005,-0.4477450645733403,-0.4550311938687859
per_target,baseline_last,y_XLB,long_short,1.0,sharpe,0.0,-0.9507572267259464,-0.9507572267259464
per_target,baseline_last,y_XLC,long_flat,1.0,cum_return,0.005,0.1983405847724462,-0.0639817955295756
per_target,baseline_last,y_XLC,long_flat,1.0,sharpe,0.005,0.8426921877955976,-0.1589867416908054
per_target,baseline_last,y_XLC,long_short,1.0,cum_return,0.005,-0.0923912725221053,-0.2214476446965073
per_target,baseline_last,y_XLC,long_short,1.0,sharpe,0.005,-0.1473797246997392,-0.378398251814667
per_target,baseline_last,y_XLE,long_flat,1.0,cum_return,0.002,0.521646094801266,0.2684254956230287
per_target,baseline_last,y_XLE,long_flat,1.0,sharpe,0.002,1.066686889634897,0.5576523205738567
per_target,baseline_last,y_XLE,long_short,1.0,cum_return,0.002,0.2207923415975539,-0.0817932987842909
per_target,baseline_last,y_XLE,long_short,1.0,sharpe,0.002,0.406052392708543,-0.00873710578461
per_target,baseline_last,y_XLF,long_flat,1.0,cum_return,0.005,0.1860508922294139,-0.0375011946013583
per_target,baseline_last,y_XLF,long_flat,1.0,sharpe,0.005,0.561941437303436,-0.0473642197021883
per_target,baseline_last,y_XLF,long_short,1.0,cum_return,0.005,0.4333437961955177,-0.5091164256115621
per_target,baseline_last,y_XLF,long_short,1.0,sharpe,0.005,0.8520546187127971,-1.1413346848851489
per_target,baseline_last,y_XLI,long_flat,1.0,cum_return,0.005,0.1274085962880244,-0.1497435536785252
per_target,baseline_last,y_XLI,long_flat,1.0,sharpe,0.005,0.4448174829110367,-0.4200186889554793
per_target,baseline_last,y_XLI,long_short,1.0,cum_return,0.005,-0.2766036316892476,-0.5645896769649199
per_target,baseline_last,y_XLI,long_short,1.0,sharpe,0.005,-0.5422023560275118,-1.370196949928777
per_target,baseline_last,y_XLK,long_flat,1.0,cum_return,0.005,-0.137808868685242,-0.244106862031972
per_target,baseline_last,y_XLK,long_flat,1.0,sharpe,0.005,-0.2747292175342855,-0.4774893447516971
per_target,baseline_last,y_XLK,long_short,1.0,cum_return,0.001,-0.4941013201429538,-0.5330142007450225
per_target,baseline_last,y_XLK,long_short,1.0,sharpe,0.001,-0.724002445468265,-0.8168357927782068
per_target,baseline_last,y_XLP,long_flat,1.0,cum_return,0.003,-0.1288020941507081,-0.2169586931795197
per_target,baseline_last,y_XLP,long_flat,1.0,sharpe,0.003,-0.5510637930438088,-0.928598078880402
per_target,baseline_last,y_XLP,long_short,1.0,cum_return,0.005,-0.3480089606281649,-0.5373618219916099
per_target,baseline_last,y_XLP,long_short,1.0,sharpe,0.005,-1.2861702628542662,-1.9773264516771671
per_target,baseline_last,y_XLRE,long_flat,1.0,cum_return,0.005,-0.1969445017744733,-0.2887940764113619
per_target,baseline_last,y_XLRE,long_flat,1.0,sharpe,0.005,-1.012966658052464,-1.2116407669184712
per_target,baseline_last,y_XLRE,long_short,1.0,cum_return,0.005,-0.3992317027319071,-0.5375743394839573
per_target,baseline_last,y_XLRE,long_short,1.0,sharpe,0.005,-1.252676457209096,-1.567182024469937
per_target,baseline_last,y_XLU,long_flat,1.0,cum_return,0.0,0.3148312469512473,0.3148312469512473
per_target,baseline_last,y_XLU,long_flat,1.0,sharpe,0.0,0.9144304650105124,0.9144304650105124
per_target,baseline_last,y_XLU,long_short,1.0,cum_return,0.005,-0.0787412164298868,-0.2003319818219002
per_target,baseline_last,y_XLU,long_short,1.0,sharpe,0.005,-0.194731738095407,-0.4138983304571245
per_target,baseline_last,y_XLV,long_flat,1.0,cum_return,0.003,0.0919457708292958,0.0427012801780986
per_target,baseline_last,y_XLV,long_flat,1.0,sharpe,0.003,0.3931376489180341,0.1973818094034185
per_target,baseline_last,y_XLV,long_short,1.0,cum_return,0.0005,0.0602332290600649,0.0480456196021497
per_target,baseline_last,y_XLV,long_short,1.0,sharpe,0.0005,0.1975009971612029,0.1723037969920574
per_target,baseline_last,y_XLY,long_flat,1.0,cum_return,0.005,-0.1814238005759711,-0.423677440894873
per_target,baseline_last,y_XLY,long_flat,1.0,sharpe,0.005,-0.4914987823071416,-1.1802300365733034
per_target,baseline_last,y_XLY,long_short,1.0,cum_return,0.002,-0.6499774829845868,-0.7567076961361021
per_target,baseline_last,y_XLY,long_short,1.0,sharpe,0.002,-1.472549457730291,-1.8983111488736888
per_target,baseline_zero,y_BTC-USD,long_flat,1.0,cum_return,0.0,0.0,0.0
per_target,baseline_zero,y_BTC-USD,long_flat,1.0,sharpe,0.0,,
per_target,baseline_zero,y_BTC-USD,long_short,1.0,cum_return,0.0,0.0,0.0
per_target,baseline_zero,y_BTC-USD,long_short,1.0,sharpe,0.0,,
per_target,baseline_zero,y_GLD,long_flat,1.0,cum_return,0.0,0.0,0.0
per_target,baseline_zero,y_GLD,long_flat,1.0,sharpe,0.0,,
per_target,baseline_zero,y_GLD,long_short,1.0,cum_return,0.0,0.0,0.0
per_target,baseline_zero,y_GLD,long_short,1.0,sharpe,0.0,,
per_target,baseline_zero,y_TLT,long_flat,1.0,cum_return,0.0,0.0,0.0
per_target,baseline_zero,y_TLT,long_flat,1.0,sharpe,0.0,,
per_target,baseline_zero,y_TLT,long_short,1.0,cum_return,0.0,0.0,0.0
per_target,baseline_zero,y_TLT,long_short,1.0,sharpe,0.0,,
per_target,baseline_zero,y_UUP,long_flat,1.0,cum_return,0.0,0.0,0.0
per_target,baseline_zero,y_UUP,long_flat,1.0,sharpe,0.0,,
per_target,baseline_zero,y_UUP,long_short,1.0,cum_return,0.0,0.0,0.0
per_target,baseline_zero,y_UUP,long_short,1.0,sharpe,0.0,,
per_target,baseline_zero,y_XLB,long_flat,1.0,cum_return,0.0,0.0,0.0
per_target,baseline_zero,y_XLB,long_flat,1.0,sharpe,0.0,,
per_target,baseline_zero,y_XLB,long_short,1.0,cum_return,0.0,0.0,0.0
per_target,baseline_zero,y_XLB,long_short,1.0,sharpe,0.0,,
per_target,baseline_zero,y_XLC,long_flat,1.0,cum_return,0.0,0.0,0.0
per_target,baseline_zero,y_XLC,long_flat,1.0,sharpe,0.0,,
per_target,baseline_zero,y_XLC,long_short,1.0,cum_return,0.0,0.0,0.0
per_target,baseline_zero,y_XLC,long_short,1.0,sharpe,0.0,,
per_target,baseline_zero,y_XLE,long_flat,1.0,cum_return,0.0,0.0,0.0
per_target,baseline_zero,y_XLE,long_flat,1.0,sharpe,0.0,,
per_target,baseline_zero,y_XLE,long_short,1.0,cum_return,0.0,0.0,0.0
per_target,baseline_zero,y_XLE,long_short,1.0,sharpe,0.0,,
per_target,baseline_zero,y_XLF,long_flat,1.0,cum_return,0.0,0.0,0.0
per_target,baseline_zero,y_XLF,long_flat,1.0,sharpe,0.0,,
per_target,baseline_zero,y_XLF,long_short,1.0,cum_return,0.0,0.0,0.0
per_target,baseline_zero,y_XLF,long_short,1.0,sharpe,0.0,,
per_target,baseline_zero,y_XLI,long_flat,1.0,cum_return,0.0,0.0,0.0
per_target,baseline_zero,y_XLI,long_flat,1.0,sharpe,0.0,,
per_target,baseline_zero,y_XLI,long_short,1.0,cum_return,0.0,0.0,0.0
per_target,baseline_zero,y_XLI,long_short,1.0,sharpe,0.0,,
per_target,baseline_zero,y_XLK,long_flat,1.0,cum_return,0.0,0.0,0.0
per_target,baseline_zero,y_XLK,long_flat,1.0,sharpe,0.0,,
per_target,baseline_zero,y_XLK,long_short,1.0,cum_return,0.0,0.0,0.0
per_target,baseline_zero,y_XLK,long_short,1.0,sharpe,0.0,,
per_target,baseline_zero,y_XLP,long_flat,1.0,cum_return,0.0,0.0,0.0
per_target,baseline_zero,y_XLP,long_flat,1.0,sharpe,0.0,,
per_target,baseline_zero,y_XLP,long_short,1.0,cum_return,0.0,0.0,0.0
per_target,baseline_zero,y_XLP,long_short,1.0,sharpe,0.0,,
per_target,baseline_zero,y_XLRE,long_flat,1.0,cum_return,0.0,0.0,0.0
per_target,baseline_zero,y_XLRE,long_flat,1.0,sharpe,0.0,,
per_target,baseline_zero,y_XLRE,long_short,1.0,cum_return,0.0,0.0,0.0
per_target,baseline_zero,y_XLRE,long_short,1.0,sharpe,0.0,,
per_target,baseline_zero,y_XLU,long_flat,1.0,cum_return,0.0,0.0,0.0
per_target,baseline_zero,y_XLU,long_flat,1.0,sharpe,0.0,,
per_target,baseline_zero,y_XLU,long_short,1.0,cum_return,0.0,0.0,0.0
per_target,baseline_zero,y_XLU,long_short,1.0,sharpe,0.0,,
per_target,baseline_zero,y_XLV,long_flat,1.0,cum_return,0.0,0.0,0.0
per_target,baseline_zero,y_XLV,long_flat,1.0,sharpe,0.0,,
per_target,baseline_zero,y_XLV,long_short,1.0,cum_return,0.0,0.0,0.0
per_target,baseline_zero,y_XLV,long_short,1.0,sharpe,0.0,,
per_target,baseline_zero,y_XLY,long_flat,1.0,cum_return,0.0,0.0,0.0
per_target,baseline_zero,y_XLY,long_flat,1.0,sharpe,0.0,,
per_target,baseline_zero,y_XLY,long_short,1.0,cum_return,0.0,0.0,0.0
per_target,baseline_zero,y_XLY,long_short,1.0,sharpe,0.0,,
per_target,knn,y_BTC-USD,long_flat,1.0,cum_return,0.001,0.4628631650605148,0.4551611897183309
per_target,knn,y_BTC-USD,long_flat,1.0,sharpe,0.001,0.3921578888685613,0.3860275219790295
per_target,knn,y_BTC-USD,long_short,1.0,cum_return,0.0,-0.5607314334948634,-0.5607314334948634
per_target,knn,y_BTC-USD,long_short,1.0,sharpe,0.0,-0.1716599745274322,-0.1716599745274322
per_target,knn,y_GLD,long_flat,1.0,cum_return,0.0,0.1127483420292583,0.1127483420292583
per_target,knn,y_GLD,long_flat,1.0,sharpe,0.005,0.9780728077806228,0.2981432245738207
per_target,knn,y_GLD,long_short,1.0,cum_return,0.005,0.0273756327397181,-0.5949413022715733
per_target,knn,y_GLD,long_short,1.0,sharpe,0.005,0.9780728077806228,-1.25443761228431
per_target,knn,y_TLT,long_flat,1.0,cum_return,0.005,0.0218637709701954,-0.1391304199415072
per_target,knn,y_TLT,long_flat,1.0,sharpe,0.005,1.172398565329256,-0.706828587382455
per_target,knn,y_TLT,long_short,1.0,cum_return,0.005,0.0627806507544022,-0.1461982506026121
per_target,knn,y_TLT,long_short,1.0,sharpe,0.005,0.4805271217521727,-0.3473896636293697
per_target,knn,y_UUP,long_flat,1.0,cum_return,0.0,0.0188305746438708,0.0188305746438708
per_target,knn,y_UUP,long_flat,1.0,sharpe,0.0,0.1181427368550653,0.1181427368550653
per_target,knn,y_UUP,long_short,1.0,cum_return,0.005,0.0,-0.066157104778823
per_target,knn,y_UUP,long_short,1.0,sharpe,0.0,-0.2521362796524414,-0.2521362796524414
per_target,knn,y_XLB,long_flat,1.0,cum_return,0.002,0.0805158293869743,0.0007338839082495
per_target,knn,y_XLB,long_flat,1.0,sharpe,0.005,1.0588077410245411,0.0452138429967381
per_target,knn,y_XLB,long_short,1.0,cum_return,0.001,0.0105371024201477,-0.070088693251919
per_target,knn,y_XLB,long_short,1.0,sharpe,0.001,0.1094426031719806,-0.0154439421734941
per_target,knn,y_XLC,long_flat,1.0,cum_return,0.0,0.0714608387858481,0.0714608387858481
per_target,knn,y_XLC,long_flat,1.0,sharpe,0.0,0.3110135429329721,0.3110135429329721
per_target,knn,y_XLC,long_short,1.0,cum_return,0.005,-0.1555698492537318,-0.3083263497409247
per_target,knn,y_XLC,long_short,1.0,sharpe,0.0,-0.5357455130597772,-0.5357455130597772
per_target,knn,y_XLE,long_flat,1.0,cum_return,0.005,0.1356399145646978,-0.1152431260544916
per_target,knn,y_XLE,long_flat,1.0,sharpe,0.005,1.1732704427754614,-0.2404784448337966
per_target,knn,y_XLE,long_short,1.0,cum_return,0.005,0.7782624729410526,-0.5420420457931003
per_target,knn,y_XLE,long_short,1.0,sharpe,0.005,1.5249027130315709,-0.8497812858810475
per_target,knn,y_XLF,long_flat,1.0,cum_return,0.001,0.3333646480055376,-0.0496224805892761
per_target,knn,y_XLF,long_flat,1.0,sharpe,0.001,1.2357082015581289,-0.0836387838560822
per_target,knn,y_XLF,long_short,1.0,cum_return,0.005,-0.1373830548463992,-0.4226225464319141
per_target,knn,y_XLF,long_short,1.0,sharpe,0.005,-0.5881958179233422,-0.7665587726650546
per_target,knn,y_XLI,long_flat,1.0,cum_return,0.0005,0.3169458611584144,0.2159066954457524
per_target,knn,y_XLI,long_flat,1.0,sharpe,0.0005,1.304994947215375,0.8186088482972528
per_target,knn,y_XLI,long_short,1.0,cum_return,0.0005,-0.0771447738198142,-0.1477251280247656
per_target,knn,y_XLI,long_short,1.0,sharpe,0.0005,-0.0455627419762096,-0.1679908550759647
per_target,knn,y_XLK,long_flat,1.0,cum_return,0.005,0.0433295918524561,-0.2136087946097439
per_target,knn,y_XLK,long_flat,1.0,sharpe,0.005,0.7097448896976134,-0.4655166296286791
per_target,knn,y_XLK,long_short,1.0,cum_return,0.005,-0.1170123478032294,-0.6155159243973515
per_target,knn,y_XLK,long_short,1.0,sharpe,0.005,-0.4888904040556578,-0.9610213019490216
per_target,knn,y_XLP,long_flat,1.0,cum_return,0.001,0.1208207502171969,-0.0181159252023891
per_target,knn,y_XLP,long_flat,1.0,sharpe,0.005,0.877448707817749,-0.0104593306419264
per_target,knn,y_XLP,long_short,1.0,cum_return,0.001,0.2042708582749099,-0.2974748449584196
per_target,knn,y_XLP,long_short,1.0,sharpe,0.005,0.877448707817749,-0.737877025552758
per_target,knn,y_XLRE,long_flat,1.0,cum_return,0.0005,0.1869035876487317,0.0740029320031196
per_target,knn,y_XLRE,long_flat,1.0,sharpe,0.0005,1.0394528106344612,0.3787065296658332
per_target,knn,y_XLRE,long_short,1.0,cum_return,0.003,0.2263936039087839,-0.0295387115351155
per_target,knn,y_XLRE,long_short,1.0,sharpe,0.003,0.5577610983197515,0.0280885367104371
per_target,knn,y_XLU,long_flat,1.0,cum_return,0.0,0.5203981572629928,0.5203981572629928
per_target,knn,y_XLU,long_flat,1.0,sharpe,0.0,1.107709079140747,1.107709079140747
per_target,knn,y_XLU,long_short,1.0,cum_return,0.0,0.1415522140766594,0.1415522140766594
per_target,knn,y_XLU,long_short,1.0,sharpe,0.0,0.3310322390688432,0.3310322390688432
per_target,knn,y_XLV,long_flat,1.0,cum_return,0.0005,0.135019022616281,0.0966405545114135
per_target,knn,y_XLV,long_flat,1.0,sharpe,0.005,1.5856433850466198,0.4672166301600388
per_target,knn,y_XLV,long_short,1.0,cum_return,0.0,0.301331969004142,0.301331969004142
per_target,knn,y_XLV,long_short,1.0,sharpe,0.005,0.6421190407342414,0.5712839703771982
per_target,knn,y_XLY,long_flat,1.0,cum_return,0.002,-0.0203465017210908,-0.1258221742196221
per_target,knn,y_XLY,long_flat,1.0,sharpe,0.002,-0.056806134444789,-0.30851791020508
per_target,knn,y_XLY,long_short,1.0,cum_return,0.005,-0.1648197810551412,-0.504792641794321
per_target,knn,y_XLY,long_short,1.0,sharpe,0.002,-0.2356090613767106,-0.798544860654712
per_target,mlp,y_BTC-USD,long_flat,1.0,cum_return,0.003,1.5876956627193182,1.0109563924256912
per_target,mlp,y_BTC-USD,long_flat,1.0,sharpe,0.003,0.772313899078385,0.5789532974717625
per_target,mlp,y_BTC-USD,long_short,1.0,cum_return,0.005,0.9192730178962024,-0.0892553558488118
per_target,mlp,y_BTC-USD,long_short,1.0,sharpe,0.005,0.493473039677777,0.1482708846165663
per_target,mlp,y_GLD,long_flat,1.0,cum_return,0.0,0.7118003177441137,0.7118003177441137
per_target,mlp,y_GLD,long_flat,1.0,sharpe,0.0,1.3298208427370524,1.3298208427370524
per_target,mlp,y_GLD,long_short,1.0,cum_return,0.005,-0.0197402427472824,-0.0555086389013124
per_target,mlp,y_GLD,long_short,1.0,sharpe,0.005,0.0536441368531765,0.0157220074209893
per_target,mlp,y_TLT,long_flat,1.0,cum_return,0.003,0.0536346715664304,-0.0104958002108038
per_target,mlp,y_TLT,long_flat,1.0,sharpe,0.003,0.2401060605118353,0.0041558819745239
per_target,mlp,y_TLT,long_short,1.0,cum_return,0.0,0.1402211719571715,0.1402211719571715
per_target,mlp,y_TLT,long_short,1.0,sharpe,0.003,0.4024894459446507,0.3973998181145009
per_target,mlp,y_UUP,long_flat,1.0,cum_return,0.002,0.082735448704414,0.0820292108801237
per_target,mlp,y_UUP,long_flat,1.0,sharpe,0.002,0.5234562903039461,0.5029573897306773
per_target,mlp,y_UUP,long_short,1.0,cum_return,0.0,0.046071278458702,0.046071278458702
per_target,mlp,y_UUP,long_short,1.0,sharpe,0.0,0.2264541361730905,0.2264541361730905
per_target,mlp,y_XLB,long_flat,1.0,cum_return,0.0,-0.0138158753475058,-0.0138158753475058
per_target,mlp,y_XLB,long_flat,1.0,sharpe,0.0,0.0314078374348697,0.0314078374348697
per_target,mlp,y_XLB,long_short,1.0,cum_return,0.003,0.0323842109709739,-0.0684282995011867
per_target,mlp,y_XLB,long_short,1.0,sharpe,0.003,0.1432316404795692,-0.013042736915383
per_target,mlp,y_XLC,long_flat,1.0,cum_return,0.0,0.0137779714092143,0.0137779714092143
per_target,mlp,y_XLC,long_flat,1.0,sharpe,0.0,0.094915218014191,0.094915218014191
per_target,mlp,y_XLC,long_short,1.0,cum_return,0.005,-0.2657314204808234,-0.3632542473715434
per_target,mlp,y_XLC,long_short,1.0,sharpe,0.005,-0.5226198464512118,-0.6765941140670376
per_target,mlp,y_XLE,long_flat,1.0,cum_return,0.001,0.4879346768577755,0.4576637979521669
per_target,mlp,y_XLE,long_flat,1.0,sharpe,0.001,0.7903209348232,0.7479884022187429
per_target,mlp,y_XLE,long_short,1.0,cum_return,0.003,0.4534372902968744,0.3073821684747431
per_target,mlp,y_XLE,long_short,1.0,sharpe,0.003,0.5983637594994474,0.4563990625850614
per_target,mlp,y_XLF,long_flat,1.0,cum_return,0.0,0.3069304771774608,0.3069304771774608
per_target,mlp,y_XLF,long_flat,1.0,sharpe,0.0,0.5988601861021363,0.5988601861021363
per_target,mlp,y_XLF,long_short,1.0,cum_return,0.0,0.1377131670408333,0.1377131670408333
per_target,mlp,y_XLF,long_short,1.0,sharpe,0.0,0.3001396646701184,0.3001396646701184
per_target,mlp,y_XLI,long_flat,1.0,cum_return,0.001,0.1177357656942028,0.0573059333326864
per_target,mlp,y_XLI,long_flat,1.0,sharpe,0.001,0.3420777291267969,0.1998881373306108
per_target,mlp,y_XLI,long_short,1.0,cum_return,0.005,-0.0857104943512556,-0.3355145514030145
per_target,mlp,y_XLI,long_short,1.0,sharpe,0.005,-0.0730927974967177,-0.5764198539700555
per_target,mlp,y_XLK,long_flat,1.0,cum_return,0.0,-0.2592178257421995,-0.2592178257421995
per_target,mlp,y_XLK,long_flat,1.0,sharpe,0.0,-0.4024368971444733,-0.4024368971444733
per_target,mlp,y_XLK,long_short,1.0,cum_return,0.005,-0.5845903720115793,-0.6408827010293436
per_target,mlp,y_XLK,long_short,1.0,sharpe,0.003,-1.029251018816637,-1.041519709374126
per_target,mlp,y_XLP,long_flat,1.0,cum_return,0.0005,0.140521333510998,0.1382365018700433
per_target,mlp,y_XLP,long_flat,1.0,sharpe,0.0005,0.4992230688375356,0.4882756972414875
per_target,mlp,y_XLP,long_short,1.0,cum_return,0.0,-0.0594550317018569,-0.0594550317018569
per_target,mlp,y_XLP,long_short,1.0,sharpe,0.0,-0.0727783545800556,-0.0727783545800556
per_target,mlp,y_XLRE,long_flat,1.0,cum_return,0.002,0.2871125804376189,0.2163516207699976
per_target,mlp,y_XLRE,long_flat,1.0,sharpe,0.002,0.7662296189506727,0.5864029408583122
per_target,mlp,y_XLRE,long_short,1.0,cum_return,0.002,0.4818766459872972,0.281688063013469
per_target,mlp,y_XLRE,long_short,1.0,sharpe,0.002,0.8419307218261958,0.5405312058874653
per_target,mlp,y_XLU,long_flat,1.0,cum_return,0.0,0.3735997662044723,0.3735997662044723
per_target,mlp,y_XLU,long_flat,1.0,sharpe,0.0,0.8953085698418064,0.8953085698418064
per_target,mlp,y_XLU,long_short,1.0,cum_return,0.0,-0.0731167430114713,-0.0731167430114713
per_target,mlp,y_XLU,long_short,1.0,sharpe,0.0,-0.061671879228672,-0.061671879228672
per_target,mlp,y_XLV,long_flat,1.0,cum_return,0.001,-0.2316153350077073,-0.3022433094610397
per_target,mlp,y_XLV,long_flat,1.0,sharpe,0.001,-0.6516174924238133,-0.8609014010261907
per_target,mlp,y_XLV,long_short,1.0,cum_return,0.003,-0.3630317244666917,-0.4553678115312679
per_target,mlp,y_XLV,long_short,1.0,sharpe,0.003,-0.8345632098275624,-1.0460457193655848
per_target,mlp,y_XLY,long_flat,1.0,cum_return,0.0,0.4686300710030233,0.4686300710030233
per_target,mlp,y_XLY,long_flat,1.0,sharpe,0.0,0.7446547756078218,0.7446547756078218
per_target,mlp,y_XLY,long_short,1.0,cum_return,0.0,0.490441981701786,0.490441981701786
per_target,mlp,y_XLY,long_short,1.0,sharpe,0.0,0.6372601981137557,0.6372601981137557
per_target,rf,y_BTC-USD,long_flat,1.0,cum_return,0.003,2.237025163756402,1.0596424316228572
per_target,rf,y_BTC-USD,long_flat,1.0,sharpe,0.003,0.9095646526764988,0.5445671637472035
per_target,rf,y_BTC-USD,long_short,1.0,cum_return,0.003,1.5353703526960651,0.1342695726199088
per_target,rf,y_BTC-USD,long_short,1.0,sharpe,0.005,0.7379608309417833,0.244977006707335
per_target,rf,y_GLD,long_flat,1.0,cum_return,0.0,1.0059867091339476,1.0059867091339476
per_target,rf,y_GLD,long_flat,1.0,sharpe,0.0,1.38050661524748,1.38050661524748
per_target,rf,y_GLD,long_short,1.0,cum_return,0.0,0.3410223373357319,0.3410223373357319
per_target,rf,y_GLD,long_short,1.0,sharpe,0.0,0.5433572571873204,0.5433572571873204
per_target,rf,y_TLT,long_flat,1.0,cum_return,0.0005,0.3115603228820556,0.3046874377162043
per_target,rf,y_TLT,long_flat,1.0,sharpe,0.002,1.22441791144433,1.0776052760650892
per_target,rf,y_TLT,long_short,1.0,cum_return,0.0,0.9764772160644196,0.9764772160644196
per_target,rf,y_TLT,long_short,1.0,sharpe,0.0,1.8274405152076425,1.8274405152076425
per_target,rf,y_UUP,long_flat,1.0,cum_return,0.0,0.1387904900937231,0.1387904900937231
per_target,rf,y_UUP,long_flat,1.0,sharpe,0.003,0.9599128453098332,0.7573678099268162
per_target,rf,y_UUP,long_short,1.0,cum_return,0.0,0.1605271276062232,0.1605271276062232
per_target,rf,y_UUP,long_short,1.0,sharpe,0.003,1.456188439470496,0.6653980268756483
per_target,rf,y_XLB,long_flat,1.0,cum_return,0.005,-0.0363590719213746,-0.5343330948579542
per_target,rf,y_XLB,long_flat,1.0,sharpe,0.005,-1.1089847407802065,-1.7203818446327774
per_target,rf,y_XLB,long_short,1.0,cum_return,0.005,0.1328580529174012,-0.7919207144437366
per_target,rf,y_XLB,long_short,1.0,sharpe,0.005,0.6397037030456197,-2.38405033273321
per_target,rf,y_XLC,long_flat,1.0,cum_return,0.0,0.7463486435211515,0.7463486435211515
per_target,rf,y_XLC,long_flat,1.0,sharpe,0.0,1.3914916770246408,1.3914916770246408
per_target,rf,y_XLC,long_short,1.0,cum_return,0.0,0.9029479211806326,0.9029479211806326
per_target,rf,y_XLC,long_short,1.0,sharpe,0.0,1.1864358135864268,1.1864358135864268
per_target,rf,y_XLE,long_flat,1.0,cum_return,0.002,0.4496420048827079,0.1947781427994512
per_target,rf,y_XLE,long_flat,1.0,sharpe,0.002,0.6863700609891379,0.3598615001539853
per_target,rf,y_XLE,long_short,1.0,cum_return,0.003,0.3960858563903269,-0.0699114791441906
per_target,rf,y_XLE,long_short,1.0,sharpe,0.003,0.6724683748008856,0.0343908331381674
per_target,rf,y_XLF,long_flat,1.0,cum_return,0.0005,0.5701930820165151,0.2495374947095081
per_target,rf,y_XLF,long_flat,1.0,sharpe,0.0005,1.0916491648095945,0.5341092028215049
per_target,rf,y_XLF,long_short,1.0,cum_return,0.0005,0.4892846024788291,0.0299367850439169
per_target,rf,y_XLF,long_short,1.0,sharpe,0.0005,0.7725128175182995,0.1423303922137933
per_target,rf,y_XLI,long_flat,1.0,cum_return,0.005,-0.0160867501444867,-0.1070309331536302
per_target,rf,y_XLI,long_flat,1.0,sharpe,0.0005,-0.1456373423863463,-0.2454915491827921
per_target,rf,y_XLI,long_short,1.0,cum_return,0.005,0.0947259357367436,-0.529429515264223
per_target,rf,y_XLI,long_short,1.0,sharpe,0.005,0.4720055641144099,-1.1435804940823873
per_target,rf,y_XLK,long_flat,1.0,cum_return,0.003,0.0191755427015003,-0.3822312546063668
per_target,rf,y_XLK,long_flat,1.0,sharpe,0.003,0.1150501427873133,-0.6930663749436142
per_target,rf,y_XLK,long_short,1.0,cum_return,0.003,0.058044231221495,-0.7496727396732852
per_target,rf,y_XLK,long_short,1.0,sharpe,0.003,0.2217834746142853,-1.4585320044001022
per_target,rf,y_XLP,long_flat,1.0,cum_return,0.0,0.2624620357440614,0.2624620357440614
per_target,rf,y_XLP,long_flat,1.0,sharpe,0.003,0.9336291118057104,0.8480854600836566
per_target,rf,y_XLP,long_short,1.0,cum_return,0.0,0.1569839081544985,0.1569839081544985
per_target,rf,y_XLP,long_short,1.0,sharpe,0.0,0.3995688237249126,0.3995688237249126
per_target,rf,y_XLRE,long_flat,1.0,cum_return,0.0005,0.5818444092280515,0.453590996205611
per_target,rf,y_XLRE,long_flat,1.0,sharpe,0.002,1.8269459985927807,1.2680156590501146
per_target,rf,y_XLRE,long_short,1.0,cum_return,0.0005,0.853686216101234,0.8068199499423039
per_target,rf,y_XLRE,long_short,1.0,sharpe,0.002,1.4787873857791662,1.176199157533706
per_target,rf,y_XLU,long_flat,1.0,cum_return,0.0,0.5391186240047419,0.5391186240047419
per_target,rf,y_XLU,long_flat,1.0,sharpe,0.0,1.260950268441113,1.260950268441113
per_target,rf,y_XLU,long_short,1.0,cum_return,0.0,0.1582215235955517,0.1582215235955517
per_target,rf,y_XLU,long_short,1.0,sharpe,0.005,0.6424948568691935,0.3576926241205556
per_target,rf,y_XLV,long_flat,1.0,cum_return,0.005,-0.0281510990206881,-0.5190925690055602
per_target,rf,y_XLV,long_flat,1.0,sharpe,0.005,-0.3539002788828848,-1.950973542177307
per_target,rf,y_XLV,long_short,1.0,cum_return,0.005,-0.0281510990206881,-0.7427449539908036
per_target,rf,y_XLV,long_short,1.0,sharpe,0.005,-0.3539002788828848,-2.461031016924111
per_target,rf,y_XLY,long_flat,1.0,cum_return,0.0,0.0348088218521482,0.0348088218521482
per_target,rf,y_XLY,long_flat,1.0,sharpe,0.0,0.1452617745377127,0.1452617745377127
per_target,rf,y_XLY,long_short,1.0,cum_return,0.001,0.0731547755076094,-0.2868263651250545
per_target,rf,y_XLY,long_short,1.0,sharpe,0.001,0.2102897371953819,-0.321655892319046
per_target,ridge,y_BTC-USD,long_flat,1.0,cum_return,0.0,-0.2243165228361689,-0.2243165228361689
per_target,ridge,y_BTC-USD,long_flat,1.0,sharpe,0.0,-0.01302021279495,-0.01302021279495
per_target,ridge,y_BTC-USD,long_short,1.0,cum_return,0.0,-0.8555038385361067,-0.8555038385361067
per_target,ridge,y_BTC-USD,long_short,1.0,sharpe,0.0,-0.6627923482647653,-0.6627923482647653
per_target,ridge,y_GLD,long_flat,1.0,cum_return,0.005,0.2859607723177844,0.2528233948885987
per_target,ridge,y_GLD,long_flat,1.0,sharpe,0.005,0.6675785810870044,0.5601058964015843
per_target,ridge,y_GLD,long_short,1.0,cum_return,0.005,-0.2351149011966652,-0.4893672215181587
per_target,ridge,y_GLD,long_short,1.0,sharpe,0.005,-0.3629610493720878,-0.9066444802793197
per_target,ridge,y_TLT,long_flat,1.0,cum_return,0.005,-0.1999675040941897,-0.2527038531906278
per_target,ridge,y_TLT,long_flat,1.0,sharpe,0.005,-0.8281473712207422,-0.9608212324786884
per_target,ridge,y_TLT,long_short,1.0,cum_return,0.005,-0.2940462022896462,-0.3480514498989028
per_target,ridge,y_TLT,long_short,1.0,sharpe,0.001,-0.9025265693881552,-1.0403812958089285
per_target,ridge,y_UUP,long_flat,1.0,cum_return,0.001,-0.075479036778174,-0.0966521258996147
per_target,ridge,y_UUP,long_flat,1.0,sharpe,0.001,-0.5086094016798929,-0.6144029621502658
per_target,ridge,y_UUP,long_short,1.0,cum_return,0.005,-0.1937631143875533,-0.2711933127464251
per_target,ridge,y_UUP,long_short,1.0,sharpe,0.001,-1.0255391077904543,-1.3014305527173322
per_target,ridge,y_XLB,long_flat,1.0,cum_return,0.0,-0.474245252292144,-0.474245252292144
per_target,ridge,y_XLB,long_flat,1.0,sharpe,0.0,-1.6081000314604117,-1.6081000314604117
per_target,ridge,y_XLB,long_short,1.0,cum_return,0.005,-0.6877705483398147,-0.7375748910905779
per_target,ridge,y_XLB,long_short,1.0,sharpe,0.005,-1.966409367756636,-2.0115475139004366
per_target,ridge,y_XLC,long_flat,1.0,cum_return,0.0005,-0.0619605295468409,-0.0648105762756279
per_target,ridge,y_XLC,long_flat,1.0,sharpe,0.0005,-0.0641097347253646,-0.0705259087168942
per_target,ridge,y_XLC,long_short,1.0,cum_return,0.005,-0.3592164491608056,-0.4467541863500812
per_target,ridge,y_XLC,long_short,1.0,sharpe,0.005,-0.736450840554571,-0.9175514491497206
per_target,ridge,y_XLE,long_flat,1.0,cum_return,0.0,0.3141810069727571,0.3141810069727571
per_target,ridge,y_XLE,long_flat,1.0,sharpe,0.002,0.5391507037520442,0.5267208662683086
per_target,ridge,y_XLE,long_short,1.0,cum_return,0.002,0.1529647891917636,0.0898683148143624
per_target,ridge,y_XLE,long_short,1.0,sharpe,0.002,0.3027980954777186,0.2309004279670103
per_target,ridge,y_XLF,long_flat,1.0,cum_return,0.0005,-0.1926292910487229,-0.1959121735662532
per_target,ridge,y_XLF,long_flat,1.0,sharpe,0.0005,-0.3484513616256147,-0.3520471799567261
per_target,ridge,y_XLF,long_short,1.0,cum_return,0.0005,-0.5518860296276014,-0.5703637156230488
per_target,ridge,y_XLF,long_short,1.0,sharpe,0.0005,-1.1823571337590013,-1.2368393944599454
per_target,ridge,y_XLI,long_flat,1.0,cum_return,0.0005,0.2108974071342795,0.2021827788146133
per_target,ridge,y_XLI,long_flat,1.0,sharpe,0.0005,0.486932597408569,0.4680952685483059
per_target,ridge,y_XLI,long_short,1.0,cum_return,0.0,-0.1272722370031325,-0.1272722370031325
per_target,ridge,y_XLI,long_short,1.0,sharpe,0.0,-0.1313421320375477,-0.1313421320375477
per_target,ridge,y_XLK,long_flat,1.0,cum_return,0.0,0.0421461160150447,0.0421461160150447
per_target,ridge,y_XLK,long_flat,1.0,sharpe,0.0,0.1595929034657302,0.1595929034657302
per_target,ridge,y_XLK,long_short,1.0,cum_return,0.0,-0.2932655730816134,-0.2932655730816134
per_target,ridge,y_XLK,long_short,1.0,sharpe,0.0,-0.2636459219678127,-0.2636459219678127
per_target,ridge,y_XLP,long_flat,1.0,cum_return,0.002,0.0052185124304442,-0.0006866409435317
per_target,ridge,y_XLP,long_flat,1.0,sharpe,0.002,0.059958767688703,0.0401460473953427
per_target,ridge,y_XLP,long_short,1.0,cum_return,0.002,-0.2494407882984923,-0.2766866507998219
per_target,ridge,y_XLP,long_short,1.0,sharpe,0.002,-0.619499312840738,-0.6712529545594094
per_target,ridge,y_XLRE,long_flat,1.0,cum_return,0.005,-0.2431645187040466,-0.3233471532729756
per_target,ridge,y_XLRE,long_flat,1.0,sharpe,0.003,-0.8530333463349528,-1.0838320335924096
per_target,ridge,y_XLRE,long_short,1.0,cum_return,0.005,-0.554942528585591,-0.6057123708615647
per_target,ridge,y_XLRE,long_short,1.0,sharpe,0.005,-1.57629008875852,-1.6367314907181498
per_target,ridge,y_XLU,long_flat,1.0,cum_return,0.0005,0.1818151699395045,0.1373375285049691
per_target,ridge,y_XLU,long_flat,1.0,sharpe,0.0005,0.5386724766963615,0.4131782069438373
per_target,ridge,y_XLU,long_short,1.0,cum_return,0.002,-0.2912357224832398,-0.3674884017916547
per_target,ridge,y_XLU,long_short,1.0,sharpe,0.002,-0.6310917355923202,-0.7814480948956424
per_target,ridge,y_XLV,long_flat,1.0,cum_return,0.005,-0.1428798750746112,-0.2025571635493201
per_target,ridge,y_XLV,long_flat,1.0,sharpe,0.005,-0.4072195196527508,-0.4815931534421971
per_target,ridge,y_XLV,long_short,1.0,cum_return,0.005,-0.2203143799373581,-0.2845269048876928
per_target,ridge,y_XLV,long_short,1.0,sharpe,0.005,-0.5092092719927215,-0.5386988833145969
per_target,ridge,y_XLY,long_flat,1.0,cum_return,0.005,0.1427271978928681,-0.0462507342151246
per_target,ridge,y_XLY,long_flat,1.0,sharpe,0.005,0.3288567307861451,0.0022613756659929
per_target,ridge,y_XLY,long_short,1.0,cum_return,0.005,-0.1153697424279659,-0.3751360249445548
per_target,ridge,y_XLY,long_short,1.0,sharpe,0.005,-0.0710143859023937,-0.4982767536100173
global,baseline_last,ALL,long_flat,3.0,cum_return,0.005,-0.0372669676386425,-0.1213600622592527
global,baseline_last,ALL,long_flat,3.0,sharpe,0.005,-0.2096559377941434,-0.5583143204980208
global,baseline_last,ALL,long_short,3.0,cum_return,0.005,-0.301545853605802,-0.4757148090147011
global,baseline_last,ALL,long_short,3.0,sharpe,0.005,-0.7882503573169384,-1.2433453045704752
global,baseline_zero,ALL,long_flat,3.0,cum_return,0.0,0.0,0.0
global,baseline_zero,ALL,long_flat,3.0,sharpe,0.0,,
global,baseline_zero,ALL,long_short,3.0,cum_return,0.0,0.0,0.0
global,baseline_zero,ALL,long_short,3.0,sharpe,0.0,,
global,knn,ALL,long_flat,3.0,cum_return,0.001,-0.011422255862625,-0.0135683287778263
global,knn,ALL,long_flat,3.0,sharpe,0.005,0.2653058409170711,-0.0705640745421411
global,knn,ALL,long_short,3.0,cum_return,0.005,-0.105243924158936,-0.3509814942459813
global,knn,ALL,long_short,3.0,sharpe,0.005,-0.2942732972942418,-0.6249863081741062
global,mlp,ALL,long_flat,3.0,cum_return,0.0,0.1161252125245977,0.1161252125245977
global,mlp,ALL,long_flat,3.0,sharpe,0.0,0.1622776112988299,0.1622776112988299
global,mlp,ALL,long_short,3.0,cum_return,0.005,-0.1662728752486711,-0.1949357768333449
global,mlp,ALL,long_short,3.0,sharpe,0.0,-0.3392437313756637,-0.3392437313756637
global,rf,ALL,long_flat,3.0,cum_return,0.0,0.1289170459165707,0.1289170459165707
global,rf,ALL,long_flat,3.0,sharpe,0.0,0.1231553831410714,0.1231553831410714
global,rf,ALL,long_short,3.0,cum_return,0.005,0.066239461183511,-0.1260046353867301
global,rf,ALL,long_short,3.0,sharpe,0.005,0.122291597337381,-0.36564655793744
global,ridge,ALL,long_flat,3.0,cum_return,0.0,-0.140221714936608,-0.140221714936608
global,ridge,ALL,long_flat,3.0,sharpe,0.0,-0.4116229554425833,-0.4116229554425833
global,ridge,ALL,long_short,3.0,cum_return,0.005,-0.4842540161234298,-0.4904007020115399
global,ridge,ALL,long_short,3.0,sharpe,0.0005,-1.116859043561433,-1.121711630920541
per_target,baseline_last,y_BTC-USD,long_flat,3.0,cum_return,0.002,0.5143978766454107,0.4272256625006403
per_target,baseline_last,y_BTC-USD,long_flat,3.0,sharpe,0.002,0.4124292697910534,0.3626257838049581
per_target,baseline_last,y_BTC-USD,long_short,3.0,cum_return,0.0,-0.5571089818532615,-0.5571089818532615
per_target,baseline_last,y_BTC-USD,long_short,3.0,sharpe,0.0,-0.1688968789876078,-0.1688968789876078
per_target,baseline_last,y_GLD,long_flat,3.0,cum_return,0.003,0.477688048421762,0.0660956335895945
per_target,baseline_last,y_GLD,long_flat,3.0,sharpe,0.005,1.1752428647350806,0.2096642754292347
per_target,baseline_last,y_GLD,long_short,3.0,cum_return,0.005,0.2378338810816294,-0.4104895882303788
per_target,baseline_last,y_GLD,long_short,3.0,sharpe,0.005,0.5716307972744024,-0.8556831173083198
per_target,baseline_last,y_TLT,long_flat,3.0,cum_return,0.003,-0.1624187300539846,-0.3467074083608363
per_target,baseline_last,y_TLT,long_flat,3.0,sharpe,0.003,-0.8225042496659658,-1.7245388226934133
per_target,baseline_last,y_TLT,long_short,3.0,cum_return,0.003,-0.094899512473255,-0.4385268907874525
per_target,baseline_last,y_TLT,long_short,3.0,sharpe,0.003,-0.3063235080210021,-1.643642672421446
per_target,baseline_last,y_UUP,long_flat,3.0,cum_return,0.002,0.0407810439026128,-0.1635865773531851
per_target,baseline_last,y_UUP,long_flat,3.0,sharpe,0.002,0.3524645802294415,-1.1047227972496056
per_target,baseline_last,y_UUP,long_short,3.0,cum_return,0.002,-0.0992850542565917,-0.3878360442754168
per_target,baseline_last,y_UUP,long_short,3.0,sharpe,0.002,-0.5857061115058225,-2.3147501419159457
per_target,baseline_last,y_XLB,long_flat,3.0,cum_return,0.005,-0.2638269311469541,-0.286638705342771
per_target,baseline_last,y_XLB,long_flat,3.0,sharpe,0.0,-0.9631049803158866,-0.9631049803158866
per_target,baseline_last,y_XLB,long_short,3.0,cum_return,0.005,-0.5099767017087636,-0.5374744576234762
per_target,baseline_last,y_XLB,long_short,3.0,sharpe,0.0,-1.230875124757511,-1.230875124757511
per_target,baseline_last,y_XLC,long_flat,3.0,cum_return,0.005,0.1399145816529488,-0.1352880961128765
per_target,baseline_last,y_XLC,long_flat,3.0,sharpe,0.005,0.6196694202951915,-0.4078649557569151
per_target,baseline_last,y_XLC,long_short,3.0,cum_return,0.005,-0.1798243091437726,-0.3333213360134929
per_target,baseline_last,y_XLC,long_short,3.0,sharpe,0.005,-0.3735434919264584,-0.6643919899767968
per_target,baseline_last,y_XLE,long_flat,3.0,cum_return,0.002,0.4039049420262959,0.1674574609624575
per_target,baseline_last,y_XLE,long_flat,3.0,sharpe,0.002,0.8749091403653754,0.3901973518125606
per_target,baseline_last,y_XLE,long_short,3.0,cum_return,0.002,0.0526061161948923,-0.2155158416634861
per_target,baseline_last,y_XLE,long_short,3.0,sharpe,0.002,0.1785156744400989,-0.2285694164430366
per_target,baseline_last,y_XLF,long_flat,3.0,cum_return,0.005,0.1232822083376741,-0.1136427128946339
per_target,baseline_last,y_XLF,long_flat,3.0,sharpe,0.005,0.3992745137247609,-0.2707786937255648
per_target,baseline_last,y_XLF,long_short,3.0,cum_return,0.005,0.2947089062101038,-0.5853950756920026
per_target,baseline_last,y_XLF,long_short,3.0,sharpe,0.005,0.6312845402396478,-1.431458575933091
per_target,baseline_last,y_XLI,long_flat,3.0,cum_return,0.005,0.0626277565481454,-0.2198382068643815
per_target,baseline_last,y_XLI,long_flat,3.0,sharpe,0.005,0.2483418838956897,-0.6704979015560321
per_target,baseline_last,y_XLI,long_short,3.0,cum_return,0.005,-0.3580763095317079,-0.6345840668704295
per_target,baseline_last,y_XLI,long_short,3.0,sharpe,0.005,-0.7717693733145883,-1.6765686703418603
per_target,baseline_last,y_XLK,long_flat,3.0,cum_return,0.005,-0.193540392155383,-0.3071440943245356
per_target,baseline_last,y_XLK,long_flat,3.0,sharpe,0.005,-0.4288029131788593,-0.6499074858797684
per_target,baseline_last,y_XLK,long_short,3.0,cum_return,0.001,-0.5671861168102575,-0.6039899489463869
per_target,baseline_last,y_XLK,long_short,3.0,sharpe,0.001,-0.9181785515641936,-1.0206006454608425
per_target,baseline_last,y_XLP,long_flat,3.0,cum_return,0.005,-0.173726485398919,-0.2797885544427883
per_target,baseline_last,y_XLP,long_flat,3.0,sharpe,0.003,-0.8338688492216008,-1.2588242124858344
per_target,baseline_last,y_XLP,long_short,3.0,cum_return,0.005,-0.4090041626885528,-0.6098272277426724
per_target,baseline_last,y_XLP,long_short,3.0,sharpe,0.005,-1.5948972682175464,-2.4285417291767897
per_target,baseline_last,y_XLRE,long_flat,3.0,cum_return,0.005,-0.2388964953947323,-0.3448322193810074
per_target,baseline_last,y_XLRE,long_flat,3.0,sharpe,0.005,-1.2650429204659572,-1.5112697790028278
per_target,baseline_last,y_XLRE,long_short,3.0,cum_return,0.005,-0.4637190778211985,-0.6094044544486804
per_target,baseline_last,y_XLRE,long_short,3.0,sharpe,0.005,-1.54265033350647,-1.924861793363429
per_target,baseline_last,y_XLU,long_flat,3.0,cum_return,0.0,0.2171769775979508,0.2171769775979508
per_target,baseline_last,y_XLU,long_flat,3.0,sharpe,0.0,0.67031654762235,0.67031654762235
per_target,baseline_last,y_XLU,long_short,3.0,cum_return,0.005,-0.1716112035038138,-0.3176205309340297
per_target,baseline_last,y_XLU,long_short,3.0,sharpe,0.005,-0.5119482671586321,-0.7581890214463347
per_target,baseline_last,y_XLV,long_flat,3.0,cum_return,0.003,0.0300253088065269,-0.0293446794508205
per_target,baseline_last,y_XLV,long_flat,3.0,sharpe,0.003,0.1574496557870777,-0.0704919638875506
per_target,baseline_last,y_XLV,long_short,3.0,cum_return,0.0005,-0.0873204218175247,-0.0985330535053388
per_target,baseline_last,y_XLV,long_short,3.0,sharpe,0.0005,-0.1285602914723588,-0.1552619088566407
per_target,baseline_last,y_XLY,long_flat,3.0,cum_return,0.005,-0.2300728628505931,-0.4715454140115986
per_target,baseline_last,y_XLY,long_flat,3.0,sharpe,0.005,-0.6582886986829204,-1.3755171735860172
per_target,baseline_last,y_XLY,long_short,3.0,cum_return,0.002,-0.7005012293481594,-0.7960946366340104
per_target,baseline_last,y_XLY,long_short,3.0,sharpe,0.002,-1.705694349439866,-2.147887882167476
per_target,baseline_zero,y_BTC-USD,long_flat,3.0,cum_return,0.0,0.0,0.0
per_target,baseline_zero,y_BTC-USD,long_flat,3.0,sharpe,0.0,,
per_target,baseline_zero,y_BTC-USD,long_short,3.0,cum_return,0.0,0.0,0.0
per_target,baseline_zero,y_BTC-USD,long_short,3.0,sharpe,0.0,,
per_target,baseline_zero,y_GLD,long_flat,3.0,cum_return,0.0,0.0,0.0
per_target,baseline_zero,y_GLD,long_flat,3.0,sharpe,0.0,,
per_target,baseline_zero,y_GLD,long_short,3.0,cum_return,0.0,0.0,0.0
per_target,baseline_zero,y_GLD,long_short,3.0,sharpe,0.0,,
per_target,baseline_zero,y_TLT,long_flat,3.0,cum_return,0.0,0.0,0.0
per_target,baseline_zero,y_TLT,long_flat,3.0,sharpe,0.0,,
per_target,baseline_zero,y_TLT,long_short,3.0,cum_return,0.0,0.0,0.0
per_target,baseline_zero,y_TLT,long_short,3.0,sharpe,0.0,,
per_target,baseline_zero,y_UUP,long_flat,3.0,cum_return,0.0,0.0,0.0
per_target,baseline_zero,y_UUP,long_flat,3.0,sharpe,0.0,,
per_target,baseline_zero,y_UUP,long_short,3.0,cum_return,0.0,0.0,0.0
per_target,baseline_zero,y_UUP,long_short,3.0,sharpe,0.0,,
per_target,baseline_zero,y_XLB,long_flat,3.0,cum_return,0.0,0.0,0.0
per_target,baseline_zero,y_XLB,long_flat,3.0,sharpe,0.0,,
per_target,baseline_zero,y_XLB,long_short,3.0,cum_return,0.0,0.0,0.0
per_target,baseline_zero,y_XLB,long_short,3.0,sharpe,0.0,,
per_target,baseline_zero,y_XLC,long_flat,3.0,cum_return,0.0,0.0,0.0
per_target,baseline_zero,y_XLC,long_flat,3.0,sharpe,0.0,,
per_target,baseline_zero,y_XLC,long_short,3.0,cum_return,0.0,0.0,0.0
per_target,baseline_zero,y_XLC,long_short,3.0,sharpe,0.0,,
per_target,baseline_zero,y_XLE,long_flat,3.0,cum_return,0.0,0.0,0.0
per_target,baseline_zero,y_XLE,long_flat,3.0,sharpe,0.0,,
per_target,baseline_zero,y_XLE,long_short,3.0,cum_return,0.0,0.0,0.0
per_target,baseline_zero,y_XLE,long_short,3.0,sharpe,0.0,,
per_target,baseline_zero,y_XLF,long_flat,3.0,cum_return,0.0,0.0,0.0
per_target,baseline_zero,y_XLF,long_flat,3.0,sharpe,0.0,,
per_target,baseline_zero,y_XLF,long_short,3.0,cum_return,0.0,0.0,0.0
per_target,baseline_zero,y_XLF,long_short,3.0,sharpe,0.0,,
per_target,baseline_zero,y_XLI,long_flat,3.0,cum_return,0.0,0.0,0.0
per_target,baseline_zero,y_XLI,long_flat,3.0,sharpe,0.0,,
per_target,baseline_zero,y_XLI,long_short,3.0,cum_return,0.0,0.0,0.0
per_target,baseline_zero,y_XLI,long_short,3.0,sharpe,0.0,,
per_target,baseline_zero,y_XLK,long_flat,3.0,cum_return,0.0,0.0,0.0
per_target,baseline_zero,y_XLK,long_flat,3.0,sharpe,0.0,,
per_target,baseline_zero,y_XLK,long_short,3.0,cum_return,0.0,0.0,0.0
per_target,baseline_zero,y_XLK,long_short,3.0,sharpe,0.0,,
per_target,baseline_zero,y_XLP,long_flat,3.0,cum_return,0.0,0.0,0.0
per_target,baseline_zero,y_XLP,long_flat,3.0,sharpe,0.0,,
per_target,baseline_zero,y_XLP,long_short,3.0,cum_return,0.0,0.0,0.0
per_target,baseline_zero,y_XLP,long_short,3.0,sharpe,0.0,,
per_target,baseline_zero,y_XLRE,long_flat,3.0,cum_return,0.0,0.0,0.0
per_target,baseline_zero,y_XLRE,long_flat,3.0,sharpe,0.0,,
per_target,baseline_zero,y_XLRE,long_short,3.0,cum_return,0.0,0.0,0.0
per_target,baseline_zero,y_XLRE,long_short,3.0,sharpe,0.0,,
per_target,baseline_zero,y_XLU,long_flat,3.0,cum_return,0.0,0.0,0.0
per_target,baseline_zero,y_XLU,long_flat,3.0,sharpe,0.0,,
per_target,baseline_zero,y_XLU,long_short,3.0,cum_return,0.0,0.0,0.0
per_target,baseline_zero,y_XLU,long_short,3.0,sharpe,0.0,,
per_target,baseline_zero,y_XLV,long_flat,3.0,cum_return,0.0,0.0,0.0
per_target,baseline_zero,y_XLV,long_flat,3.0,sharpe,0.0,,
per_target,baseline_zero,y_XLV,long_short,3.0,cum_return,0.0,0.0,0.0
per_target,baseline_zero,y_XLV,long_short,3.0,sharpe,0.0,,
per_target,baseline_zero,y_XLY,long_flat,3.0,cum_return,0.0,0.0,0.0
per_target,baseline_zero,y_XLY,long_flat,3.0,sharpe,0.0,,
per_target,baseline_zero,y_XLY,long_short,3.0,cum_return,0.0,0.0,0.0
per_target,baseline_zero,y_XLY,long_short,3.0,sharpe,0.0,,
per_target,knn,y_BTC-USD,long_flat,3.0,cum_return,0.001,0.2835144182165019,0.2695870145348986
per_target,knn,y_BTC-USD,long_flat,3.0,sharpe,0.001,0.2964035504910185,0.2875837300653895
per_target,knn,y_BTC-USD,long_short,3.0,cum_return,0.0,-0.6657361365054536,-0.6657361365054536
per_target,knn,y_BTC-USD,long_short,3.0,sharpe,0.0,-0.2919952048699545,-0.2919952048699545
per_target,knn,y_GLD,long_flat,3.0,cum_return,0.0,0.0311247942378947,0.0311247942378947
per_target,knn,y_GLD,long_flat,3.0,sharpe,0.005,0.9414591669422044,0.1393723150911296
per_target,knn,y_GLD,long_short,3.0,cum_return,0.005,0.0257384995973639,-0.652324978844926
per_target,knn,y_GLD,long_short,3.0,sharpe,0.005,0.9414591669422044,-1.484207731775176
per_target,knn,y_TLT,long_flat,3.0,cum_return,0.005,0.0186031035917526,-0.1840711984784577
per_target,knn,y_TLT,long_flat,3.0,sharpe,0.005,1.0392029499060111,-0.970611143263684
per_target,knn,y_TLT,long_short,3.0,cum_return,0.005,0.0396453116332462,-0.2332088948418759
per_target,knn,y_TLT,long_short,3.0,sharpe,0.005,0.3136005844798121,-0.623091158513949
per_target,knn,y_UUP,long_flat,3.0,cum_return,0.005,0.0,-0.0262082404487453
per_target,knn,y_UUP,long_flat,3.0,sharpe,0.0,-0.0856196835758598,-0.0856196835758598
per_target,knn,y_UUP,long_short,3.0,cum_return,0.005,0.0,-0.1467501198647109
per_target,knn,y_UUP,long_short,3.0,sharpe,0.0,-0.6308115531221411,-0.6308115531221411
per_target,knn,y_XLB,long_flat,3.0,cum_return,0.002,0.051949133036858,-0.0534008795534289
per_target,knn,y_XLB,long_flat,3.0,sharpe,0.005,1.0000603110596833,-0.1544061032862271
per_target,knn,y_XLB,long_short,3.0,cum_return,0.001,-0.0993847139082034,-0.1682507016452508
per_target,knn,y_XLB,long_short,3.0,sharpe,0.001,-0.0835689407841426,-0.1896830122967092
per_target,knn,y_XLC,long_flat,3.0,cum_return,0.0,0.0014295726262436,0.0014295726262436
per_target,knn,y_XLC,long_flat,3.0,sharpe,0.0,0.0444729364025036,0.0444729364025036
per_target,knn,y_XLC,long_short,3.0,cum_return,0.005,-0.1785951159843223,-0.395984554513748
per_target,knn,y_XLC,long_short,3.0,sharpe,0.0,-0.7656010126709579,-0.7656010126709579
per_target,knn,y_XLE,long_flat,3.0,cum_return,0.005,0.1194311277282531,-0.1687734212592583
per_target,knn,y_XLE,long_flat,3.0,sharpe,0.005,1.04884494605877,-0.3952520885237283
per_target,knn,y_XLE,long_short,3.0,cum_return,0.005,0.6798903114498622,-0.5958795394105876
per_target,knn,y_XLE,long_short,3.0,sharpe,0.005,1.3814736607914502,-1.005941518217372
per_target,knn,y_XLF,long_flat,3.0,cum_return,0.001,0.2567228842963178,-0.1128669058351801
per_target,knn,y_XLF,long_flat,3.0,sharpe,0.001,0.9881953472514622,-0.2730085017819525
per_target,knn,y_XLF,long_short,3.0,cum_return,0.005,-0.1649172354993264,-0.4970842234495661
per_target,knn,y_XLF,long_short,3.0,sharpe,0.005,-0.7240241105710481,-0.9824031718872466
per_target,knn,y_XLI,long_flat,3.0,cum_return,0.0005,0.2482322287331604,0.1437266263665773
per_target,knn,y_XLI,long_flat,3.0,sharpe,0.0005,1.057271696593318,0.5740838711569607
per_target,knn,y_XLI,long_short,3.0,cum_return,0.0005,-0.1837297899518258,-0.2462095765759043
per_target,knn,y_XLI,long_short,3.0,sharpe,0.0005,-0.2535240529683544,-0.3684411369931432
per_target,knn,y_XLK,long_flat,3.0,cum_return,0.005,0.0292440611489763,-0.2670848441805573
per_target,knn,y_XLK,long_flat,3.0,sharpe,0.005,0.4882515706439883,-0.6222083987398941
per_target,knn,y_XLK,long_short,3.0,cum_return,0.005,-0.1580914349585975,-0.6662413979365606
per_target,knn,y_XLK,long_short,3.0,sharpe,0.005,-0.6886868883579911,-1.121547180126478
per_target,knn,y_XLP,long_flat,3.0,cum_return,0.001,0.0618772340564857,-0.0903492367286418
per_target,knn,y_XLP,long_flat,3.0,sharpe,0.005,0.8323149494322486,-0.2549799363219063
per_target,knn,y_XLP,long_short,3.0,cum_return,0.001,0.0712565607981121,-0.3971978188671413
per_target,knn,y_XLP,long_short,3.0,sharpe,0.005,0.8323149494322486,-1.086784162932208
per_target,knn,y_XLRE,long_flat,3.0,cum_return,0.0005,0.1276651343358861,0.007807812114758
per_target,knn,y_XLRE,long_flat,3.0,sharpe,0.0005,0.7360879022181912,0.0694383998452532
per_target,knn,y_XLRE,long_short,3.0,cum_return,0.003,0.1068169371843426,-0.145713513597282
per_target,knn,y_XLRE,long_short,3.0,sharpe,0.003,0.3092325885077776,-0.2061870749280261
per_target,knn,y_XLU,long_flat,3.0,cum_return,0.0,0.3961989300522537,0.3961989300522537
per_target,knn,y_XLU,long_flat,3.0,sharpe,0.0,0.894061606937403,0.894061606937403
per_target,knn,y_XLU,long_short,3.0,cum_return,0.0,-0.0375274914003871,-0.0375274914003871
per_target,knn,y_XLU,long_short,3.0,sharpe,0.0,0.0098786152098328,0.0098786152098328
per_target,knn,y_XLV,long_flat,3.0,cum_return,0.0005,0.0805319113173121,0.0307146017314514
per_target,knn,y_XLV,long_flat,3.0,sharpe,0.005,1.5412414435762556,0.1749940775193598
per_target,knn,y_XLV,long_short,3.0,cum_return,0.0,0.1493395799026105,0.1493395799026105
per_target,knn,y_XLV,long_short,3.0,sharpe,0.005,0.5322188647118509,0.3406262910730381
per_target,knn,y_XLY,long_flat,3.0,cum_return,0.005,-0.0487226940861078,-0.1813595568472024
per_target,knn,y_XLY,long_flat,3.0,sharpe,0.002,-0.2607281269098003,-0.4863821996568637
per_target,knn,y_XLY,long_short,3.0,cum_return,0.005,-0.2091072390251758,-0.5659530461389365
per_target,knn,y_XLY,long_short,3.0,sharpe,0.002,-0.4218024875083053,-0.9686056105611002
per_target,mlp,y_BTC-USD,long_flat,3.0,cum_return,0.003,1.252475370847495,0.7392414128526228
per_target,mlp,y_BTC-USD,long_flat,3.0,sharpe,0.003,0.6772340258186574,0.4853367286677962
per_target,mlp,y_BTC-USD,long_short,3.0,cum_return,0.005,0.4582525096969136,-0.3188298799233111
per_target,mlp,y_BTC-USD,long_short,3.0,sharpe,0.005,0.355757067853396,0.0203866870799489
per_target,mlp,y_GLD,long_flat,3.0,cum_return,0.0,0.5824901353222192,0.5824901353222192
per_target,mlp,y_GLD,long_flat,3.0,sharpe,0.0,1.1451689184489606,1.1451689184489606
per_target,mlp,y_GLD,long_short,3.0,cum_return,0.005,-0.1618770133567374,-0.1930789990753857
per_target,mlp,y_GLD,long_short,3.0,sharpe,0.005,-0.2170546723179397,-0.2203437825270828
per_target,mlp,y_TLT,long_flat,3.0,cum_return,0.003,-0.0258108401621932,-0.0854818891036068
per_target,mlp,y_TLT,long_flat,3.0,sharpe,0.003,-0.0601403468556181,-0.2810315279711986
per_target,mlp,y_TLT,long_short,3.0,cum_return,0.0,-0.0262800318158511,-0.0262800318158511
per_target,mlp,y_TLT,long_short,3.0,sharpe,0.0,-0.0089779569555346,-0.0089779569555346
per_target,mlp,y_UUP,long_flat,3.0,cum_return,0.002,0.0020902653445837,-0.0001616352494409
per_target,mlp,y_UUP,long_flat,3.0,sharpe,0.002,0.0375417627059419,0.0243404268103386
per_target,mlp,y_UUP,long_short,3.0,cum_return,0.0,-0.1070056556218054,-0.1070056556218054
per_target,mlp,y_UUP,long_short,3.0,sharpe,0.0,-0.4413644370115518,-0.4413644370115518
per_target,mlp,y_XLB,long_flat,3.0,cum_return,0.0,-0.0887393416279647,-0.0887393416279647
per_target,mlp,y_XLB,long_flat,3.0,sharpe,0.0,-0.1557402131999357,-0.1557402131999357
per_target,mlp,y_XLB,long_short,3.0,cum_return,0.003,-0.1102104759900329,-0.2045283772927202
per_target,mlp,y_XLB,long_short,3.0,sharpe,0.003,-0.1156461342444352,-0.2600150416957529
per_target,mlp,y_XLC,long_flat,3.0,cum_return,0.0,-0.064017458184627,-0.064017458184627
per_target,mlp,y_XLC,long_flat,3.0,sharpe,0.0,-0.107764777664719,-0.107764777664719
per_target,mlp,y_XLC,long_short,3.0,cum_return,0.005,-0.370254497812611,-0.4571878792943139
per_target,mlp,y_XLC,long_short,3.0,sharpe,0.005,-0.8205681811286308,-0.9468010186706782
per_target,mlp,y_XLE,long_flat,3.0,cum_return,0.001,0.3780828208122955,0.3511223317139993
per_target,mlp,y_XLE,long_flat,3.0,sharpe,0.001,0.654956540613622,0.6153729174575692
per_target,mlp,y_XLE,long_short,3.0,cum_return,0.003,0.2473576721242765,0.1228881421553678
per_target,mlp,y_XLE,long_short,3.0,sharpe,0.003,0.4024023898361704,0.2669276786424586
per_target,mlp,y_XLF,long_flat,3.0,cum_return,0.0,0.2069129354206818,0.2069129354206818
per_target,mlp,y_XLF,long_flat,3.0,sharpe,0.0,0.4439700441386425,0.4439700441386425
per_target,mlp,y_XLF,long_short,3.0,cum_return,0.0,-0.0299321102266512,-0.0299321102266512
per_target,mlp,y_XLF,long_short,3.0,sharpe,0.0,0.04893371629577,0.04893371629577
per_target,mlp,y_XLI,long_flat,3.0,cum_return,0.001,0.0286392346242052,-0.025825782258473
per_target,mlp,y_XLI,long_flat,3.0,sharpe,0.001,0.1317978066296866,-0.0032074080326324
per_target,mlp,y_XLI,long_short,3.0,cum_return,0.005,-0.2149204506326065,-0.4358245140971849
per_target,mlp,y_XLI,long_short,3.0,sharpe,0.005,-0.3435193892364254,-0.8433281049762439
per_target,mlp,y_XLK,long_flat,3.0,cum_return,0.0,-0.3148219184651317,-0.3148219184651317
per_target,mlp,y_XLK,long_flat,3.0,sharpe,0.0,-0.5311266651318841,-0.5311266651318841
per_target,mlp,y_XLK,long_short,3.0,cum_return,0.005,-0.6429006658679192,-0.6927757090228539
per_target,mlp,y_XLK,long_short,3.0,sharpe,0.0,-1.220362320879595,-1.220362320879595
per_target,mlp,y_XLP,long_flat,3.0,cum_return,0.0005,0.0515868667447123,0.0469701012946812
per_target,mlp,y_XLP,long_flat,3.0,sharpe,0.0005,0.2182592779282627,0.2019167677041913
per_target,mlp,y_XLP,long_short,3.0,cum_return,0.0,-0.2044546562474199,-0.2044546562474199
per_target,mlp,y_XLP,long_short,3.0,sharpe,0.0,-0.4545079533152329,-0.4545079533152329
per_target,mlp,y_XLRE,long_flat,3.0,cum_return,0.002,0.182745903042478,0.1181720568217485
per_target,mlp,y_XLRE,long_flat,3.0,sharpe,0.002,0.5279119518369126,0.358920965185947
per_target,mlp,y_XLRE,long_short,3.0,cum_return,0.002,0.2520022422420638,0.0832657011939845
per_target,mlp,y_XLRE,long_short,3.0,sharpe,0.002,0.5147874039306017,0.2305317822673598
per_target,mlp,y_XLU,long_flat,3.0,cum_return,0.0,0.2670074076542701,0.2670074076542701
per_target,mlp,y_XLU,long_flat,3.0,sharpe,0.0,0.6821910972362347,0.6821910972362347
per_target,mlp,y_XLU,long_short,3.0,cum_return,0.0,-0.2116272813859202,-0.2116272813859202
per_target,mlp,y_XLU,long_short,3.0,sharpe,0.0,-0.3660773503891085,-0.3660773503891085
per_target,mlp,y_XLV,long_flat,3.0,cum_return,0.001,-0.2898495109868377,-0.3548655912209629
per_target,mlp,y_XLV,long_flat,3.0,sharpe,0.001,-0.8639956648549135,-1.0622395834685243
per_target,mlp,y_XLV,long_short,3.0,cum_return,0.003,-0.4560656352907304,-0.5343585606768393
per_target,mlp,y_XLV,long_short,3.0,sharpe,0.003,-1.1535136023291226,-1.3377171143431972
per_target,mlp,y_XLY,long_flat,3.0,cum_return,0.0,0.3638754228989498,0.3638754228989498
per_target,mlp,y_XLY,long_flat,3.0,sharpe,0.0,0.6180564793016639,0.6180564793016639
per_target,mlp,y_XLY,long_short,3.0,cum_return,0.0,0.2856931588307305,0.2856931588307305
per_target,mlp,y_XLY,long_short,3.0,sharpe,0.0,0.4440592458434843,0.4440592458434843
per_target,rf,y_BTC-USD,long_flat,3.0,cum_return,0.003,1.8291241665628288,0.7861464146276407
per_target,rf,y_BTC-USD,long_flat,3.0,sharpe,0.003,0.8195779133631774,0.4675227247296777
per_target,rf,y_BTC-USD,long_short,3.0,cum_return,0.003,1.0156306300942437,-0.1473959403013282
per_target,rf,y_BTC-USD,long_short,3.0,sharpe,0.005,0.614824987965952,0.1193418072044396
per_target,rf,y_GLD,long_flat,3.0,cum_return,0.0,0.8597037837194526,0.8597037837194526
per_target,rf,y_GLD,long_flat,3.0,sharpe,0.0,1.2396169390104466,1.2396169390104466
per_target,rf,y_GLD,long_short,3.0,cum_return,0.0,0.1523193701963683,0.1523193701963683
per_target,rf,y_GLD,long_short,3.0,sharpe,0.0,0.3157192529101497,0.3157192529101497
per_target,rf,y_TLT,long_flat,3.0,cum_return,0.0005,0.2095175417245276,0.1998111630169328
per_target,rf,y_TLT,long_flat,3.0,sharpe,0.005,0.9738218944288318,0.7496762592722673
per_target,rf,y_TLT,long_short,3.0,cum_return,0.0,0.6719197597632152,0.6719197597632152
per_target,rf,y_TLT,long_short,3.0,sharpe,0.0,1.3912266667867148,1.3912266667867148
per_target,rf,y_UUP,long_flat,3.0,cum_return,0.0,0.05417791769369,0.05417791769369
per_target,rf,y_UUP,long_flat,3.0,sharpe,0.003,0.8950773009634371,0.3232765626728177
per_target,rf,y_UUP,long_short,3.0,cum_return,0.003,0.0394560815347446,-0.0053275875014905
per_target,rf,y_UUP,long_short,3.0,sharpe,0.003,1.3101607192302198,0.0137513666422556
per_target,rf,y_XLB,long_flat,3.0,cum_return,0.005,-0.0425144200667861,-0.5726679082027258
per_target,rf,y_XLB,long_flat,3.0,sharpe,0.005,-1.2728585385954936,-1.920180596599923
per_target,rf,y_XLB,long_short,3.0,cum_return,0.005,0.1207144331815026,-0.8248441485132074
per_target,rf,y_XLB,long_short,3.0,sharpe,0.005,0.5880155499070312,-2.65413530198666
per_target,rf,y_XLC,long_flat,3.0,cum_return,0.0,0.6101571737655032,0.6101571737655032
per_target,rf,y_XLC,long_flat,3.0,sharpe,0.0,1.197136355541525,1.197136355541525
per_target,rf,y_XLC,long_short,3.0,cum_return,0.0,0.6179978705073694,0.6179978705073694
per_target,rf,y_XLC,long_short,3.0,sharpe,0.0,0.908952607358832,0.908952607358832
per_target,rf,y_XLE,long_flat,3.0,cum_return,0.002,0.3326598906576843,0.1196009019772204
per_target,rf,y_XLE,long_flat,3.0,sharpe,0.002,0.5531043477786345,0.2690921884100096
per_target,rf,y_XLE,long_short,3.0,cum_return,0.003,0.2669912364914861,-0.1832103687816432
per_target,rf,y_XLE,long_short,3.0,sharpe,0.003,0.5023201816881379,-0.1270650682115603
per_target,rf,y_XLF,long_flat,3.0,cum_return,0.0005,0.4526401003788305,0.1568729260054147
per_target,rf,y_XLF,long_flat,3.0,sharpe,0.0005,0.9140581274559076,0.3744069718566382
per_target,rf,y_XLF,long_short,3.0,cum_return,0.0005,0.2851037848904816,-0.1173716510840277
per_target,rf,y_XLF,long_short,3.0,sharpe,0.0005,0.5185169598049281,-0.100402889983232
per_target,rf,y_XLI,long_flat,3.0,cum_return,0.005,-0.0196260273217501,-0.1762086669348489
per_target,rf,y_XLI,long_flat,3.0,sharpe,0.0005,-0.3720410426829177,-0.4611078505540627
per_target,rf,y_XLI,long_short,3.0,cum_return,0.005,0.0860205601821559,-0.599685546154282
per_target,rf,y_XLI,long_short,3.0,sharpe,0.005,0.4335532829961822,-1.4073635347848283
per_target,rf,y_XLK,long_flat,3.0,cum_return,0.003,-0.0278207463353378,-0.4297589449143743
per_target,rf,y_XLK,long_flat,3.0,sharpe,0.003,-0.0773115035632559,-0.823739476506247
per_target,rf,y_XLK,long_short,3.0,cum_return,0.003,-0.0184013084706577,-0.7867195521699396
per_target,rf,y_XLK,long_short,3.0,sharpe,0.003,-0.0061314182300201,-1.6421458070245156
per_target,rf,y_XLP,long_flat,3.0,cum_return,0.0,0.1635862303207329,0.1635862303207329
per_target,rf,y_XLP,long_flat,3.0,sharpe,0.003,0.7828962570845152,0.5672115474089601
per_target,rf,y_XLP,long_short,3.0,cum_return,0.003,0.019975830963445,-0.0170024262902833
per_target,rf,y_XLP,long_short,3.0,sharpe,0.003,0.1785656211320957,0.027603070255384
per_target,rf,y_XLRE,long_flat,3.0,cum_return,0.0005,0.4603126995037738,0.3381317417764871
per_target,rf,y_XLRE,long_flat,3.0,sharpe,0.002,1.545285782383302,0.9979565329570188
per_target,rf,y_XLRE,long_short,3.0,cum_return,0.0005,0.5826628972290966,0.5315035427103971
per_target,rf,y_XLRE,long_short,3.0,sharpe,0.002,1.190329638052556,0.8704942675636013
per_target,rf,y_XLU,long_flat,3.0,cum_return,0.0,0.4211363688778955,0.4211363688778955
per_target,rf,y_XLU,long_flat,3.0,sharpe,0.0,1.038065579178698,1.038065579178698
per_target,rf,y_XLU,long_short,3.0,cum_return,0.005,0.0420281674745703,-0.012794877659088
per_target,rf,y_XLU,long_short,3.0,sharpe,0.005,0.5141709391970867,0.0567601216682583
per_target,rf,y_XLV,long_flat,3.0,cum_return,0.005,-0.0300987751373821,-0.5523417731800928
per_target,rf,y_XLV,long_flat,3.0,sharpe,0.005,-0.3783913546824655,-2.148591799433178
per_target,rf,y_XLV,long_short,3.0,cum_return,0.005,-0.0300987751373821,-0.7770874881064452
per_target,rf,y_XLV,long_short,3.0,sharpe,0.005,-0.3783913546824655,-2.7280191617499248
per_target,rf,y_XLY,long_flat,3.0,cum_return,0.005,-0.0179585640707625,-0.0445916398003675
per_target,rf,y_XLY,long_flat,3.0,sharpe,0.0,-0.0230111908285771,-0.0230111908285771
per_target,rf,y_XLY,long_short,3.0,cum_return,0.001,-0.0758721127555536,-0.3923704874165674
per_target,rf,y_XLY,long_short,3.0,sharpe,0.001,-0.0437039499556369,-0.5294157657105159
per_target,ridge,y_BTC-USD,long_flat,3.0,cum_return,0.0,-0.338497874510513,-0.338497874510513
per_target,ridge,y_BTC-USD,long_flat,3.0,sharpe,0.0,-0.1083175174532421,-0.1083175174532421
per_target,ridge,y_BTC-USD,long_short,3.0,cum_return,0.0,-0.8949217861594235,-0.8949217861594235
per_target,ridge,y_BTC-USD,long_short,3.0,sharpe,0.0,-0.8033044027442162,-0.8033044027442162
per_target,ridge,y_GLD,long_flat,3.0,cum_return,0.005,0.1866332592690363,0.1576526793728845
per_target,ridge,y_GLD,long_flat,3.0,sharpe,0.005,0.474752859507587,0.3886255483383146
per_target,ridge,y_GLD,long_short,3.0,cum_return,0.005,-0.3420450341043147,-0.5641847578906369
per_target,ridge,y_GLD,long_short,3.0,sharpe,0.005,-0.6164428300319732,-1.1434387937254795
per_target,ridge,y_TLT,long_flat,3.0,cum_return,0.005,-0.2591502511966163,-0.3082904761476758
per_target,ridge,y_TLT,long_flat,3.0,sharpe,0.005,-1.1252780359498995,-1.224301703792364
per_target,ridge,y_TLT,long_short,3.0,cum_return,0.005,-0.387144992669592,-0.4414092345878991
per_target,ridge,y_TLT,long_short,3.0,sharpe,0.001,-1.2985287051459389,-1.429303062261264
per_target,ridge,y_UUP,long_flat,3.0,cum_return,0.001,-0.1426302315591227,-0.1636103076919685
per_target,ridge,y_UUP,long_flat,3.0,sharpe,0.001,-1.0197533403753882,-1.0984018851060766
per_target,ridge,y_UUP,long_short,3.0,cum_return,0.005,-0.282802247505081,-0.37513516589828
per_target,ridge,y_UUP,long_short,3.0,sharpe,0.001,-1.7331495649219035,-1.9520872442287271
per_target,ridge,y_XLB,long_flat,3.0,cum_return,0.0,-0.5182757507241575,-0.5182757507241575
per_target,ridge,y_XLB,long_flat,3.0,sharpe,0.0,-1.83538614144272,-1.83538614144272
per_target,ridge,y_XLB,long_short,3.0,cum_return,0.005,-0.7343512209947741,-0.7797624438332986
per_target,ridge,y_XLB,long_short,3.0,sharpe,0.005,-2.253626951634864,-2.288920458831452
per_target,ridge,y_XLC,long_flat,3.0,cum_return,0.0005,-0.1391101782062712,-0.1417222043206739
per_target,ridge,y_XLC,long_flat,3.0,sharpe,0.0005,-0.2459537326325491,-0.2523560114067472
per_target,ridge,y_XLC,long_short,3.0,cum_return,0.005,-0.4563069177325033,-0.5339783806244898
per_target,ridge,y_XLC,long_short,3.0,sharpe,0.005,-1.0386950382674744,-1.2089293731718749
per_target,ridge,y_XLE,long_flat,3.0,cum_return,0.0,0.2047843092039589,0.2047843092039589
per_target,ridge,y_XLE,long_flat,3.0,sharpe,0.002,0.3972436164372244,0.3908234708582432
per_target,ridge,y_XLE,long_short,3.0,cum_return,0.002,-0.0287497173900425,-0.0842937428932456
per_target,ridge,y_XLE,long_short,3.0,sharpe,0.002,0.0831762001244943,0.0140210628143384
per_target,ridge,y_XLF,long_flat,3.0,cum_return,0.0005,-0.2584314097665385,-0.2620399403155589
per_target,ridge,y_XLF,long_flat,3.0,sharpe,0.0005,-0.5175469272634639,-0.5212131979874063
per_target,ridge,y_XLF,long_short,3.0,cum_return,0.0005,-0.6226731347794394,-0.6382415812401125
per_target,ridge,y_XLF,long_short,3.0,sharpe,0.0005,-1.4567860045435606,-1.5086873795592162
per_target,ridge,y_XLI,long_flat,3.0,cum_return,0.0005,0.119833334530075,0.1113273007847657
per_target,ridge,y_XLI,long_flat,3.0,sharpe,0.0005,0.3161670247702525,0.2980365547835129
per_target,ridge,y_XLI,long_short,3.0,cum_return,0.0,-0.2543433064498048,-0.2543433064498048
per_target,ridge,y_XLI,long_short,3.0,sharpe,0.0,-0.3899610991462503,-0.3899610991462503
per_target,ridge,y_XLK,long_flat,3.0,cum_return,0.0,-0.042750023631322,-0.042750023631322
per_target,ridge,y_XLK,long_flat,3.0,sharpe,0.0,0.0157419781153465,0.0157419781153465
per_target,ridge,y_XLK,long_short,3.0,cum_return,0.0,-0.4037295735051729,-0.4037295735051729
per_target,ridge,y_XLK,long_short,3.0,sharpe,0.0,-0.4583291395969148,-0.4583291395969148
per_target,ridge,y_XLP,long_flat,3.0,cum_return,0.002,-0.0651865551263038,-0.0788313712435645
per_target,ridge,y_XLP,long_flat,3.0,sharpe,0.002,-0.2150638133994191,-0.2510629180206415
per_target,ridge,y_XLP,long_short,3.0,cum_return,0.002,-0.3588320875356754,-0.385586426467237
per_target,ridge,y_XLP,long_short,3.0,sharpe,0.002,-0.9936158253089324,-1.0412985443473524
per_target,ridge,y_XLRE,long_flat,3.0,cum_return,0.005,-0.2953533554958728,-0.3752940817475103
per_target,ridge,y_XLRE,long_flat,3.0,sharpe,0.003,-1.0812144101488104,-1.314894722474008
per_target,ridge,y_XLRE,long_short,3.0,cum_return,0.005,-0.6173941406454169,-0.664020141630723
per_target,ridge,y_XLRE,long_short,3.0,sharpe,0.005,-1.883860141263832,-1.931730942695009
per_target,ridge,y_XLU,long_flat,3.0,cum_return,0.0005,0.0799178628046988,0.0405194841782463
per_target,ridge,y_XLU,long_flat,3.0,sharpe,0.0005,0.2763061511133317,0.1655651796569802
per_target,ridge,y_XLU,long_short,3.0,cum_return,0.002,-0.4044867108867624,-0.4707894935530449
per_target,ridge,y_XLU,long_short,3.0,sharpe,0.002,-0.9878257405040956,-1.117343114741984
per_target,ridge,y_XLV,long_flat,3.0,cum_return,0.005,-0.2061148990197226,-0.2681673348796182
per_target,ridge,y_XLV,long_flat,3.0,sharpe,0.005,-0.634844862408807,-0.6879317929761465
per_target,ridge,y_XLV,long_short,3.0,cum_return,0.005,-0.3307329726117667,-0.3975111867127654
per_target,ridge,y_XLV,long_short,3.0,sharpe,0.0,-0.8576865606659677,-0.8576865606659677
per_target,ridge,y_XLY,long_flat,3.0,cum_return,0.005,0.0593132035622363,-0.1201301323764134
per_target,ridge,y_XLY,long_flat,3.0,sharpe,0.005,0.1875120416843234,-0.1392711727317949
per_target,ridge,y_XLY,long_short,3.0,cum_return,0.005,-0.2436147893668943,-0.4681033087269654
per_target,ridge,y_XLY,long_short,3.0,sharpe,0.005,-0.2958148915881408,-0.708675410906747
global,baseline_last,ALL,long_flat,5.0,cum_return,0.005,-0.09359304532093564,-0.1968594431508914
global,baseline_last,ALL,long_flat,5.0,sharpe,0.005,-0.4178979510351128,-0.8113427353132615
global,baseline_last,ALL,long_short,5.0,cum_return,0.005,-0.3740250743491392,-0.5576251117808276
global,baseline_last,ALL,long_short,5.0,sharpe,0.005,-1.0522957477716375,-1.5754532720462966
global,baseline_zero,ALL,long_flat,5.0,cum_return,0.0,0.0,0.0
global,baseline_zero,ALL,long_flat,5.0,sharpe,0.0,,
global,baseline_zero,ALL,long_short,5.0,cum_return,0.0,0.0,0.0
global,baseline_zero,ALL,long_short,5.0,sharpe,0.0,,
global,knn,ALL,long_flat,5.0,cum_return,0.005,-0.034144036134847885,-0.08184608248663595
global,knn,ALL,long_flat,5.0,sharpe,0.005,0.16097781689312315,-0.28186185042737116
global,knn,ALL,long_short,5.0,cum_return,0.005,-0.13347396524316651,-0.4320424240078676
global,knn,ALL,long_short,5.0,sharpe,0.005,-0.42256219246277504,-0.8540450597354717
global,mlp,ALL,long_flat,5.0,cum_return,0.0,0.024210617997470464,0.024210617997470464
global,mlp,ALL,long_flat,5.0,sharpe,0.0,-0.044708105040684586,-0.044708105040684586
global,mlp,ALL,long_short,5.0,cum_return,0.005,-0.29398189443037487,-0.31775911871227547
global,mlp,ALL,long_short,5.0,sharpe,0.0,-0.6268974717579875,-0.6268974717579875
global,rf,ALL,long_flat,5.0,cum_return,0.003,0.06596040087956699,0.036708626290902276
global,rf,ALL,long_flat,5.0,sharpe,0.0,-0.08407526173061926,-0.08407526173061926
global,rf,ALL,long_short,5.0,cum_return,0.005,0.03282948049756666,-0.259876924774901
global,rf,ALL,long_short,5.0,sharpe,0.005,0.022680149468164323,-0.6513070586609336
global,ridge,ALL,long_flat,5.0,cum_return,0.0,-0.21154053355556648,-0.21154053355556648
global,ridge,ALL,long_flat,5.0,sharpe,0.0,-0.6219548781276497,-0.6219548781276497
global,ridge,ALL,long_short,5.0,cum_return,0.005,-0.5574194473118818,-0.5690065328563331
global,ridge,ALL,long_short,5.0,sharpe,0.0,-1.4178854078107177,-1.4178854078107177
per_target,baseline_last,y_BTC-USD,long_flat,5.0,cum_return,0.002,0.30128705421074087,0.22550512244813992
per_target,baseline_last,y_BTC-USD,long_flat,5.0,sharpe,0.002,0.30385101467688946,0.2599505286714339
per_target,baseline_last,y_BTC-USD,long_short,5.0,cum_return,0.0,-0.6736810150086853,-0.6736810150086853
per_target,baseline_last,y_BTC-USD,long_short,5.0,sharpe,0.0,-0.30320883208031146,-0.30320883208031146
per_target,baseline_last,y_GLD,long_flat,5.0,cum_return,0.003,0.36139390620742673,-0.030322461200511075
per_target,baseline_last,y_GLD,long_flat,5.0,sharpe,0.005,0.9636030329192803,0.007843981931749518
per_target,baseline_last,y_GLD,long_short,5.0,cum_return,0.005,0.09895573283008452,-0.5038274370569588
per_target,baseline_last,y_GLD,long_short,5.0,sharpe,0.005,0.28853528261303174,-1.1625517862868429
per_target,baseline_last,y_TLT,long_flat,5.0,cum_return,0.003,-0.2162551608206037,-0.39937239769870025
per_target,baseline_last,y_TLT,long_flat,5.0,sharpe,0.003,-1.141223705417931,-2.0721334410736443
per_target,baseline_last,y_TLT,long_short,5.0,cum_return,0.003,-0.19906468811816347,-0.5228485952162071
per_target,baseline_last,y_TLT,long_short,5.0,sharpe,0.003,-0.7341974103977352,-2.12177896348067
per_target,baseline_last,y_UUP,long_flat,5.0,cum_return,0.002,-0.020816934956868316,-0.22900860319043903
per_target,baseline_last,y_UUP,long_flat,5.0,sharpe,0.002,-0.15714960577840364,-1.614352132539815
per_target,baseline_last,y_UUP,long_short,5.0,cum_return,0.005,-0.1843375962357684,-0.47769455300414454
per_target,baseline_last,y_UUP,long_short,5.0,sharpe,0.002,-1.2775161394627208,-3.0652511344112936
per_target,baseline_last,y_XLB,long_flat,5.0,cum_return,0.005,-0.30562459349013005,-0.34098450279280923
per_target,baseline_last,y_XLB,long_flat,5.0,sharpe,0.0,-1.200931855063774,-1.200931855063774
per_target,baseline_last,y_XLB,long_short,5.0,cum_return,0.005,-0.5652088923219699,-0.6074647324327731
per_target,baseline_last,y_XLB,long_short,5.0,sharpe,0.0,-1.5103561549792077,-1.5103561549792077
per_target,baseline_last,y_XLC,long_flat,5.0,cum_return,0.005,0.0843263432941832,-0.2011749186006192
per_target,baseline_last,y_XLC,long_flat,5.0,sharpe,0.005,0.3962280936081186,-0.6561489280011817
per_target,baseline_last,y_XLC,long_short,5.0,cum_return,0.005,-0.2588531275348981,-0.42914513748562544
per_target,baseline_last,y_XLC,long_short,5.0,sharpe,0.005,-0.5990932884879048,-0.9498634039552095
per_target,baseline_last,y_XLE,long_flat,5.0,cum_return,0.002,0.2952534514863552,0.0745087704042311
per_target,baseline_last,y_XLE,long_flat,5.0,sharpe,0.002,0.6827876638455557,0.22255328018492473
per_target,baseline_last,y_XLE,long_short,5.0,cum_return,0.002,-0.09244684098699851,-0.3297944313202221
per_target,baseline_last,y_XLE,long_short,5.0,sharpe,0.002,-0.04888319217838779,-0.44850830317485807
per_target,baseline_last,y_XLF,long_flat,5.0,cum_return,0.005,0.06382382795355368,-0.18377427463438556
per_target,baseline_last,y_XLF,long_flat,5.0,sharpe,0.005,0.23635240013860204,-0.4941018528715029
per_target,baseline_last,y_XLF,long_short,5.0,cum_return,0.005,0.16945554902483284,-0.6498384088654762
per_target,baseline_last,y_XLF,long_short,5.0,sharpe,0.005,0.4101077754948723,-1.7207524701697554
per_target,baseline_last,y_XLI,long_flat,5.0,cum_return,0.005,0.0015573683043483832,-0.28416662308816787
per_target,baseline_last,y_XLI,long_flat,5.0,sharpe,0.005,0.05158767636921641,-0.9205867080455118
per_target,baseline_last,y_XLI,long_short,5.0,cum_return,0.005,-0.43038993309024076,-0.6933428220795708
per_target,baseline_last,y_XLI,long_short,5.0,sharpe,0.005,-1.001078066341844,-1.9823504548182147
per_target,baseline_last,y_XLK,long_flat,5.0,cum_return,0.005,-0.24567955086706728,-0.36493544986392934
per_target,baseline_last,y_XLK,long_flat,5.0,sharpe,0.005,-0.5827761369397526,-0.8220713385967238
per_target,baseline_last,y_XLK,long_short,5.0,cum_return,0.001,-0.6297293077671993,-0.6641947810271865
per_target,baseline_last,y_XLK,long_short,5.0,sharpe,0.001,-1.112151922232395,-1.224136085225969
per_target,baseline_last,y_XLP,long_flat,5.0,cum_return,0.005,-0.21247799052213479,-0.3375881468814491
per_target,baseline_last,y_XLP,long_flat,5.0,sharpe,0.005,-1.072108914682414,-1.5880773848607077
per_target,baseline_last,y_XLP,long_short,5.0,cum_return,0.005,-0.4643056995196668,-0.6709587182840486
per_target,baseline_last,y_XLP,long_short,5.0,sharpe,0.005,-1.9036846103067966,-2.879301747497616
per_target,baseline_last,y_XLRE,long_flat,5.0,cum_return,0.005,-0.27866464770812593,-0.396464858989369
per_target,baseline_last,y_XLRE,long_flat,5.0,sharpe,0.005,-1.514977189344364,-1.8094415540133613
per_target,baseline_last,y_XLRE,long_short,5.0,cum_return,0.005,-0.5212982978125074,-0.6700935776563792
per_target,baseline_last,y_XLRE,long_short,5.0,sharpe,0.005,-1.831270158282799,-2.2816990795300853
per_target,baseline_last,y_XLU,long_flat,5.0,cum_return,0.0,0.12675823097816274,0.12675823097816274
per_target,baseline_last,y_XLU,long_flat,5.0,sharpe,0.0,0.4259836946853534,0.4259836946853534
per_target,baseline_last,y_XLU,long_short,5.0,cum_return,0.005,-0.25513795941584283,-0.417733146308244
per_target,baseline_last,y_XLU,long_short,5.0,sharpe,0.005,-0.8281921929836281,-1.1028020293407448
per_target,baseline_last,y_XLV,long_flat,5.0,cum_return,0.003,-0.028395200924036246,-0.09642552988343067
per_target,baseline_last,y_XLV,long_flat,5.0,sharpe,0.003,-0.07871337337274736,-0.3383196242286237
per_target,baseline_last,y_XLV,long_short,5.0,cum_return,0.0005,-0.21437279999371983,-0.2246449591166889
per_target,baseline_last,y_XLV,long_short,5.0,sharpe,0.0005,-0.4540292051768514,-0.4822523920620438
per_target,baseline_last,y_XLY,long_flat,5.0,cum_return,0.005,-0.27583953398746597,-0.5154460042700947
per_target,baseline_last,y_XLY,long_flat,5.0,sharpe,0.005,-0.8245183773119087,-1.5703076958775395
per_target,baseline_last,y_XLY,long_short,5.0,cum_return,0.005,-0.7371939282682933,-0.8291143618502044
per_target,baseline_last,y_XLY,long_short,5.0,sharpe,0.002,-1.938436594460544,-2.3969862436816287
per_target,baseline_zero,y_BTC-USD,long_flat,5.0,cum_return,0.0,0.0,0.0
per_target,baseline_zero,y_BTC-USD,long_flat,5.0,sharpe,0.0,,
per_target,baseline_zero,y_BTC-USD,long_short,5.0,cum_return,0.0,0.0,0.0
per_target,baseline_zero,y_BTC-USD,long_short,5.0,sharpe,0.0,,
per_target,baseline_zero,y_GLD,long_flat,5.0,cum_return,0.0,0.0,0.0
per_target,baseline_zero,y_GLD,long_flat,5.0,sharpe,0.0,,
per_target,baseline_zero,y_GLD,long_short,5.0,cum_return,0.0,0.0,0.0
per_target,baseline_zero,y_GLD,long_short,5.0,sharpe,0.0,,
per_target,baseline_zero,y_TLT,long_flat,5.0,cum_return,0.0,0.0,0.0
per_target,baseline_zero,y_TLT,long_flat,5.0,sharpe,0.0,,
per_target,baseline_zero,y_TLT,long_short,5.0,cum_return,0.0,0.0,0.0
per_target,baseline_zero,y_TLT,long_short,5.0,sharpe,0.0,,
per_target,baseline_zero,y_UUP,long_flat,5.0,cum_return,0.0,0.0,0.0
per_target,baseline_zero,y_UUP,long_flat,5.0,sharpe,0.0,,
per_target,baseline_zero,y_UUP,long_short,5.0,cum_return,0.0,0.0,0.0
per_target,baseline_zero,y_UUP,long_short,5.0,sharpe,0.0,,
per_target,baseline_zero,y_XLB,long_flat,5.0,cum_return,0.0,0.0,0.0
per_target,baseline_zero,y_XLB,long_flat,5.0,sharpe,0.0,,
per_target,baseline_zero,y_XLB,long_short,5.0,cum_return,0.0,0.0,0.0
per_target,baseline_zero,y_XLB,long_short,5.0,sharpe,0.0,,
per_target,baseline_zero,y_XLC,long_flat,5.0,cum_return,0.0,0.0,0.0
per_target,baseline_zero,y_XLC,long_flat,5.0,sharpe,0.0,,
per_target,baseline_zero,y_XLC,long_short,5.0,cum_return,0.0,0.0,0.0
per_target,baseline_zero,y_XLC,long_short,5.0,sharpe,0.0,,
per_target,baseline_zero,y_XLE,long_flat,5.0,cum_return,0.0,0.0,0.0
per_target,baseline_zero,y_XLE,long_flat,5.0,sharpe,0.0,,
per_target,baseline_zero,y_XLE,long_short,5.0,cum_return,0.0,0.0,0.0
per_target,baseline_zero,y_XLE,long_short,5.0,sharpe,0.0,,
per_target,baseline_zero,y_XLF,long_flat,5.0,cum_return,0.0,0.0,0.0
per_target,baseline_zero,y_XLF,long_flat,5.0,sharpe,0.0,,
per_target,baseline_zero,y_XLF,long_short,5.0,cum_return,0.0,0.0,0.0
per_target,baseline_zero,y_XLF,long_short,5.0,sharpe,0.0,,
per_target,baseline_zero,y_XLI,long_flat,5.0,cum_return,0.0,0.0,0.0
per_target,baseline_zero,y_XLI,long_flat,5.0,sharpe,0.0,,
per_target,baseline_zero,y_XLI,long_short,5.0,cum_return,0.0,0.0,0.0
per_target,baseline_zero,y_XLI,long_short,5.0,sharpe,0.0,,
per_target,baseline_zero,y_XLK,long_flat,5.0,cum_return,0.0,0.0,0.0
per_target,baseline_zero,y_XLK,long_flat,5.0,sharpe,0.0,,
per_target,baseline_zero,y_XLK,long_short,5.0,cum_return,0.0,0.0,0.0
per_target,baseline_zero,y_XLK,long_short,5.0,sharpe,0.0,,
per_target,baseline_zero,y_XLP,long_flat,5.0,cum_return,0.0,0.0,0.0
per_target,baseline_zero,y_XLP,long_flat,5.0,sharpe,0.0,,
per_target,baseline_zero,y_XLP,long_short,5.0,cum_return,0.0,0.0,0.0
per_target,baseline_zero,y_XLP,long_short,5.0,sharpe,0.0,,
per_target,baseline_zero,y_XLRE,long_flat,5.0,cum_return,0.0,0.0,0.0
per_target,baseline_zero,y_XLRE,long_flat,5.0,sharpe,0.0,,
per_target,baseline_zero,y_XLRE,long_short,5.0,cum_return,0.0,0.0,0.0
per_target,baseline_zero,y_XLRE,long_short,5.0,sharpe,0.0,,
per_target,baseline_zero,y_XLU,long_flat,5.0,cum_return,0.0,0.0,0.0
per_target,baseline_zero,y_XLU,long_flat,5.0,sharpe,0.0,,
per_target,baseline_zero,y_XLU,long_short,5.0,cum_return,0.0,0.0,0.0
per_target,baseline_zero,y_XLU,long_short,5.0,sharpe,0.0,,
per_target,baseline_zero,y_XLV,long_flat,5.0,cum_return,0.0,0.0,0.0
per_target,baseline_zero,y_XLV,long_flat,5.0,sharpe,0.0,,
per_target,baseline_zero,y_XLV,long_short,5.0,cum_return,0.0,0.0,0.0
per_target,baseline_zero,y_XLV,long_short,5.0,sharpe,0.0,,
per_target,baseline_zero,y_XLY,long_flat,5.0,cum_return,0.0,0.0,0.0
per_target,baseline_zero,y_XLY,long_flat,5.0,sharpe,0.0,,
per_target,baseline_zero,y_XLY,long_short,5.0,cum_return,0.0,0.0,0.0
per_target,baseline_zero,y_XLY,long_short,5.0,sharpe,0.0,,
per_target,knn,y_BTC-USD,long_flat,5.0,cum_return,0.001,0.12612456847727826,0.10764854948295977
per_target,knn,y_BTC-USD,long_flat,5.0,sharpe,0.001,0.20063995461467365,0.18915175042643279
per_target,knn,y_BTC-USD,long_short,5.0,cum_return,0.0,-0.745667880309891,-0.745667880309891
per_target,knn,y_BTC-USD,long_short,5.0,sharpe,0.0,-0.4123249076284467,-0.4123249076284467
per_target,knn,y_GLD,long_flat,5.0,cum_return,0.005,0.02410364959328337,-0.04452597194095709
per_target,knn,y_GLD,long_flat,5.0,sharpe,0.005,0.9022946450845077,-0.019461842484728747
per_target,knn,y_GLD,long_short,5.0,cum_return,0.005,0.02410364959328337,-0.7015975029894947
per_target,knn,y_GLD,long_short,5.0,sharpe,0.005,0.9022946450845077,-1.71367011381349
per_target,knn,y_TLT,long_flat,5.0,cum_return,0.005,0.015352192347844129,-0.2266741885241499
per_target,knn,y_TLT,long_flat,5.0,sharpe,0.005,0.8902338871506165,-1.2335546611049066
per_target,knn,y_TLT,long_short,5.0,cum_return,0.005,0.01700911888276524,-0.3113819315856594
per_target,knn,y_TLT,long_short,5.0,sharpe,0.005,0.14718594945299276,-0.8975962474979002
per_target,knn,y_UUP,long_flat,5.0,cum_return,0.005,0.0,-0.06926447304563776
per_target,knn,y_UUP,long_flat,5.0,sharpe,0.0,-0.28891091364448085,-0.28891091364448085
per_target,knn,y_UUP,long_short,5.0,cum_return,0.005,0.0,-0.22041589651670168
per_target,knn,y_UUP,long_short,5.0,sharpe,0.0,-1.0061370194990684,-1.0061370194990684
per_target,knn,y_XLB,long_flat,5.0,cum_return,0.005,0.033302124810560496,-0.10461718342621218
per_target,knn,y_XLB,long_flat,5.0,sharpe,0.005,0.9380624687201818,-0.3537558297132304
per_target,knn,y_XLB,long_short,5.0,cum_return,0.001,-0.19737810466644834,-0.25608389841360113
per_target,knn,y_XLB,long_short,5.0,sharpe,0.001,-0.2760167442596604,-0.36345203869438475
per_target,knn,y_XLC,long_flat,5.0,cum_return,0.002,-0.050438875813878514,-0.06403706684375354
per_target,knn,y_XLC,long_flat,5.0,sharpe,0.0,-0.22208593339863483,-0.22208593339863483
per_target,knn,y_XLC,long_short,5.0,cum_return,0.005,-0.20099735943530606,-0.472562137040097
per_target,knn,y_XLC,long_short,5.0,sharpe,0.0,-0.9949688726011494,-0.9949688726011494
per_target,knn,y_XLE,long_flat,5.0,cum_return,0.005,0.10345051805250893,-0.2190747339958231
per_target,knn,y_XLE,long_flat,5.0,sharpe,0.005,0.9222246848876946,-0.5499622865773812
per_target,knn,y_XLE,long_short,5.0,cum_return,0.005,0.5869404519867769,-0.643405747470136
per_target,knn,y_XLE,long_short,5.0,sharpe,0.005,1.237458476223515,-1.1620402472981861
per_target,knn,y_XLF,long_flat,5.0,cum_return,0.001,0.18447246037464726,-0.17191404665780508
per_target,knn,y_XLF,long_flat,5.0,sharpe,0.001,0.7407845324872674,-0.46179523852412047
per_target,knn,y_XLF,long_short,5.0,cum_return,0.005,-0.19157786120324893,-0.5619671611433362
per_target,knn,y_XLF,long_short,5.0,sharpe,0.005,-0.8591131960481745,-1.1973748926072125
per_target,knn,y_XLI,long_flat,5.0,cum_return,0.0005,0.18309115385422703,0.07581822416811224
per_target,knn,y_XLI,long_flat,5.0,sharpe,0.0005,0.8091982260960091,0.3296515137136663
per_target,knn,y_XLI,long_short,5.0,cum_return,0.0005,-0.27803517341104755,-0.33334646037563054
per_target,knn,y_XLI,long_short,5.0,sharpe,0.0005,-0.46097518995780146,-0.5681747544035727
per_target,knn,y_XLK,long_flat,5.0,cum_return,0.005,0.01534593365456427,-0.3169340510182298
per_target,knn,y_XLK,long_flat,5.0,sharpe,0.005,0.26332145806328294,-0.7788115893127926
per_target,knn,y_XLK,long_short,5.0,cum_return,0.005,-0.19726764336851532,-0.7102910480431373
per_target,knn,y_XLK,long_short,5.0,sharpe,0.005,-0.8874326597088128,-1.2815089045780317
per_target,knn,y_XLP,long_flat,5.0,cum_return,0.005,0.019045572005333966,-0.15728151445558514
per_target,knn,y_XLP,long_flat,5.0,sharpe,0.005,0.7841332224293557,-0.4992614821474145
per_target,knn,y_XLP,long_short,5.0,cum_return,0.003,0.028469943992809332,-0.48279686945607125
per_target,knn,y_XLP,long_short,5.0,sharpe,0.005,0.7841332224293557,-1.434810439218071
per_target,knn,y_XLRE,long_flat,5.0,cum_return,0.0005,0.07137230414605789,-0.05431947405192594
per_target,knn,y_XLRE,long_flat,5.0,sharpe,0.0005,0.43282782747324,-0.23889732953952336
per_target,knn,y_XLRE,long_short,5.0,cum_return,0.003,-0.0011248571091098114,-0.24801929791051025
per_target,knn,y_XLRE,long_short,5.0,sharpe,0.003,0.060736179929614234,-0.4398819558315187
per_target,knn,y_XLU,long_flat,5.0,cum_return,0.0,0.28212350329817104,0.28212350329817104
per_target,knn,y_XLU,long_flat,5.0,sharpe,0.0,0.6807763889499823,0.6807763889499823
per_target,knn,y_XLU,long_short,5.0,cum_return,0.005,-0.10485341959604788,-0.1885696657122249
per_target,knn,y_XLU,long_short,5.0,sharpe,0.0,-0.3108620375699899,-0.3108620375699899
per_target,knn,y_XLV,long_flat,5.0,cum_return,0.005,0.06830304064636206,-0.03126014281887368
per_target,knn,y_XLV,long_flat,5.0,sharpe,0.005,1.4938553150148879,-0.11707648779127203
per_target,knn,y_XLV,long_short,5.0,cum_return,0.005,0.024748196819359247,0.015049116330158263
per_target,knn,y_XLV,long_short,5.0,sharpe,0.005,0.42046506702327524,0.11006608088632842
per_target,knn,y_XLY,long_flat,5.0,cum_return,0.005,-0.058950836949901775,-0.23337866746982894
per_target,knn,y_XLY,long_flat,5.0,sharpe,0.002,-0.4639492429408157,-0.6639338152621627
per_target,knn,y_XLY,long_short,5.0,cum_return,0.005,-0.25105502459860374,-0.6195799794816799
per_target,knn,y_XLY,long_short,5.0,sharpe,0.005,-0.5655179803576507,-1.137939545677383
per_target,mlp,y_BTC-USD,long_flat,5.0,cum_return,0.003,0.9606264312534245,0.5041961441947567
per_target,mlp,y_BTC-USD,long_flat,5.0,sharpe,0.003,0.5821279625206979,0.39170425830909206
per_target,mlp,y_BTC-USD,long_short,5.0,cum_return,0.005,0.10787052962497445,-0.49059404220838465
per_target,mlp,y_BTC-USD,long_short,5.0,sharpe,0.005,0.2180821043601743,-0.10745842049671875
per_target,mlp,y_GLD,long_flat,5.0,cum_return,0.0,0.4629251316108416,0.4629251316108416
per_target,mlp,y_GLD,long_flat,5.0,sharpe,0.0,0.9603146583190503,0.9603146583190503
per_target,mlp,y_GLD,long_short,5.0,cum_return,0.005,-0.28344147081853743,-0.3106548913619974
per_target,mlp,y_GLD,long_short,5.0,sharpe,0.0,-0.45636694779036846,-0.45636694779036846
per_target,mlp,y_TLT,long_flat,5.0,cum_return,0.003,-0.09928017545566814,-0.15479874730266052
per_target,mlp,y_TLT,long_flat,5.0,sharpe,0.003,-0.3603755339610975,-0.5660014415604913
per_target,mlp,y_TLT,long_short,5.0,cum_return,0.0,-0.16852035051079972,-0.16852035051079972
per_target,mlp,y_TLT,long_short,5.0,sharpe,0.0,-0.41402709680416927,-0.41402709680416927
per_target,mlp,y_UUP,long_flat,5.0,cum_return,0.002,-0.07256259860328906,-0.0761238720999583
per_target,mlp,y_UUP,long_flat,5.0,sharpe,0.002,-0.4471461026821621,-0.45345601796303836
per_target,mlp,y_UUP,long_short,5.0,cum_return,0.0,-0.23773030056422317,-0.23773030056422317
per_target,mlp,y_UUP,long_short,5.0,sharpe,0.0,-1.1064415818902633,-1.1064415818902633
per_target,mlp,y_XLB,long_flat,5.0,cum_return,0.0,-0.15798395227804474,-0.15798395227804474
per_target,mlp,y_XLB,long_flat,5.0,sharpe,0.0,-0.3428016042687305,-0.3428016042687305
per_target,mlp,y_XLB,long_short,5.0,cum_return,0.003,-0.23314913488570954,-0.3207875526972933
per_target,mlp,y_XLB,long_short,5.0,sharpe,0.003,-0.37432779589018306,-0.506493625813842
per_target,mlp,y_XLC,long_flat,5.0,cum_return,0.0,-0.13585682196365045,-0.13585682196365045
per_target,mlp,y_XLC,long_flat,5.0,sharpe,0.0,-0.3100826976514877,-0.3100826976514877
per_target,mlp,y_XLC,long_short,5.0,cum_return,0.005,-0.4599265197756376,-0.5372938681669115
per_target,mlp,y_XLC,long_short,5.0,sharpe,0.005,-1.1176569763443454,-1.2161934664458707
per_target,mlp,y_XLE,long_flat,5.0,cum_return,0.001,0.27632159586113936,0.25234904997332563
per_target,mlp,y_XLE,long_flat,5.0,sharpe,0.001,0.5193435632872757,0.4825255354503308
per_target,mlp,y_XLE,long_short,5.0,cum_return,0.003,0.07043826655941565,-0.0356292654524234
per_target,mlp,y_XLE,long_short,5.0,sharpe,0.003,0.20630274401232954,0.07733580463494197
per_target,mlp,y_XLF,long_flat,5.0,cum_return,0.0,0.11453183922932264,0.11453183922932264
per_target,mlp,y_XLF,long_flat,5.0,sharpe,0.0,0.2891819699076429,0.2891819699076429
per_target,mlp,y_XLF,long_short,5.0,cum_return,0.0,-0.17292711479133038,-0.17292711479133038
per_target,mlp,y_XLF,long_short,5.0,sharpe,0.0,-0.2021855764719441,-0.2021855764719441
per_target,mlp,y_XLI,long_flat,5.0,cum_return,0.001,-0.053371011582127204,-0.10243590540049674
per_target,mlp,y_XLI,long_flat,5.0,sharpe,0.001,-0.07783410503802368,-0.20555295830773973
per_target,mlp,y_XLI,long_short,5.0,cum_return,0.005,-0.3259042575390234,-0.5210231987200797
per_target,mlp,y_XLI,long_short,5.0,sharpe,0.005,-0.6131043048047184,-1.109245221146045
per_target,mlp,y_XLK,long_flat,5.0,cum_return,0.0,-0.3662621906616238,-0.3662621906616238
per_target,mlp,y_XLK,long_flat,5.0,sharpe,0.0,-0.6597839646199131,-0.6597839646199131
per_target,mlp,y_XLK,long_short,5.0,cum_return,0.005,-0.6930414732348051,-0.7371865346404667
per_target,mlp,y_XLK,long_short,5.0,sharpe,0.0,-1.3989542719257158,-1.3989542719257158
per_target,mlp,y_XLP,long_flat,5.0,cum_return,0.0005,-0.030428498353940125,-0.03699444859265899
per_target,mlp,y_XLP,long_flat,5.0,sharpe,0.0005,-0.06285477103961154,-0.08470463432232471
per_target,mlp,y_XLP,long_short,5.0,cum_return,0.0,-0.32714540206814824,-0.32714540206814824
per_target,mlp,y_XLP,long_short,5.0,sharpe,0.0,-0.8358279259671032,-0.8358279259671032
per_target,mlp,y_XLRE,long_flat,5.0,cum_return,0.002,0.08682351360348517,0.027899898864482076
per_target,mlp,y_XLRE,long_flat,5.0,sharpe,0.002,0.2893044356550165,0.13112987905605247
per_target,mlp,y_XLRE,long_short,5.0,cum_return,0.002,0.05772139039146196,-0.08449983136924566
per_target,mlp,y_XLRE,long_short,5.0,sharpe,0.002,0.18772908702606003,-0.07929247543752904
per_target,mlp,y_XLU,long_flat,5.0,cum_return,0.0,0.1686678151457588,0.1686678151457588
per_target,mlp,y_XLU,long_flat,5.0,sharpe,0.0,0.46900804282685277,0.46900804282685277
per_target,mlp,y_XLU,long_short,5.0,cum_return,0.0,-0.3294826597833862,-0.3294826597833862
per_target,mlp,y_XLU,long_short,5.0,sharpe,0.0,-0.670102829209285,-0.670102829209285
per_target,mlp,y_XLV,long_flat,5.0,cum_return,0.001,-0.34368059725431765,-0.403528649007597
per_target,mlp,y_XLV,long_flat,5.0,sharpe,0.001,-1.0763380129664908,-1.2635951959996727
per_target,mlp,y_XLV,long_short,5.0,cum_return,0.003,-0.5355374061302569,-0.601917847308371
per_target,mlp,y_XLV,long_short,5.0,sharpe,0.003,-1.4721015029274311,-1.6290718593355367
per_target,mlp,y_XLY,long_flat,5.0,cum_return,0.0,0.2665739782502601,0.2665739782502601
per_target,mlp,y_XLY,long_flat,5.0,sharpe,0.0,0.49149259521410815,0.49149259521410815
per_target,mlp,y_XLY,long_short,5.0,cum_return,0.0,0.10900607895892911,0.10900607895892911
per_target,mlp,y_XLY,long_short,5.0,sharpe,0.0,0.2508634177296367,0.2508634177296367
per_target,rf,y_BTC-USD,long_flat,5.0,cum_return,0.003,1.4725566236878436,0.5489232349749942
per_target,rf,y_BTC-USD,long_flat,5.0,sharpe,0.003,0.7295420335358639,0.39049977284884974
per_target,rf,y_BTC-USD,long_short,5.0,cum_return,0.005,0.6738406212312702,-0.35919068626705997
per_target,rf,y_BTC-USD,long_short,5.0,sharpe,0.005,0.49153292937366516,-0.006182636967742826
per_target,rf,y_GLD,long_flat,5.0,cum_return,0.0,0.7240621864329486,0.7240621864329486
per_target,rf,y_GLD,long_flat,5.0,sharpe,0.0,1.098559797618612,1.098559797618612
per_target,rf,y_GLD,long_short,5.0,cum_return,0.0,-0.009890117398818177,-0.009890117398818177
per_target,rf,y_GLD,long_short,5.0,sharpe,0.0,0.08767807459833797,0.08767807459833797
per_target,rf,y_TLT,long_flat,5.0,cum_return,0.0005,0.11539588073592077,0.1033467891908415
per_target,rf,y_TLT,long_flat,5.0,sharpe,0.005,0.887073438916205,0.42226618591140547
per_target,rf,y_TLT,long_short,5.0,cum_return,0.0,0.41419726510093935,0.41419726510093935
per_target,rf,y_TLT,long_short,5.0,sharpe,0.0,0.955490452071891,0.955490452071891
per_target,rf,y_UUP,long_flat,5.0,cum_return,0.003,0.017762020075567486,-0.024162980300281967
per_target,rf,y_UUP,long_flat,5.0,sharpe,0.003,0.8249314605535649,-0.10949430481178093
per_target,rf,y_UUP,long_short,5.0,cum_return,0.003,0.03365879064036448,-0.14753204572607448
per_target,rf,y_UUP,long_short,5.0,sharpe,0.003,1.151417059830491,-0.6345856939399442
per_target,rf,y_XLB,long_flat,5.0,cum_return,0.005,-0.048631671426261014,-0.6078536562423009
per_target,rf,y_XLB,long_flat,5.0,sharpe,0.005,-1.4255943922944967,-2.1195111642248676
per_target,rf,y_XLB,long_short,5.0,cum_return,0.005,0.10869860069781367,-0.8525684422847494
per_target,rf,y_XLB,long_short,5.0,sharpe,0.005,0.5360543322055908,-2.9230942346880817
per_target,rf,y_XLC,long_flat,5.0,cum_return,0.0,0.48456267571740685,0.48456267571740685
per_target,rf,y_XLC,long_flat,5.0,sharpe,0.0,1.0029522464040506,1.0029522464040506
per_target,rf,y_XLC,long_short,5.0,cum_return,0.0,0.37562737021269665,0.37562737021269665
per_target,rf,y_XLC,long_short,5.0,sharpe,0.0,0.6318730101363054,0.6318730101363054
per_target,rf,y_XLE,long_flat,5.0,cum_return,0.002,0.2250973026242975,0.0491402889038397
per_target,rf,y_XLE,long_flat,5.0,sharpe,0.002,0.4197428620875805,0.1783164529386813
per_target,rf,y_XLE,long_short,5.0,cum_return,0.003,0.14980820735253997,-0.2827450240006333
per_target,rf,y_XLE,long_short,5.0,sharpe,0.003,0.33230491599703904,-0.2883536976955799
per_target,rf,y_XLF,long_flat,5.0,cum_return,0.0005,0.34386683372452276,0.07106375626740635
per_target,rf,y_XLF,long_flat,5.0,sharpe,0.0005,0.7366842886854971,0.2149861070798436
per_target,rf,y_XLF,long_short,5.0,cum_return,0.0005,0.10886030619900011,-0.24365778806194094
per_target,rf,y_XLF,long_short,5.0,sharpe,0.0005,0.26498063508587255,-0.3425468753553132
per_target,rf,y_XLI,long_flat,5.0,cum_return,0.005,-0.02315327810972545,-0.24003951098091947
per_target,rf,y_XLI,long_flat,5.0,sharpe,0.0005,-0.597814281492057,-0.6764217371185494
per_target,rf,y_XLI,long_short,5.0,cum_return,0.005,0.07738269297664746,-0.6594744377251459
per_target,rf,y_XLI,long_short,5.0,sharpe,0.005,0.39494880704730806,-1.6701483559471346
per_target,rf,y_XLK,long_flat,5.0,cum_return,0.003,-0.07265869934955116,-0.4736385551029211
per_target,rf,y_XLK,long_flat,5.0,sharpe,0.003,-0.2694532346862078,-0.9543394573136126
per_target,rf,y_XLK,long_short,5.0,cum_return,0.005,-0.06175095689769361,-0.8182953453681883
per_target,rf,y_XLK,long_short,5.0,sharpe,0.003,-0.23409702425080417,-1.825422388317614
per_target,rf,y_XLP,long_flat,5.0,cum_return,0.0,0.07243687275591748,0.07243687275591748
per_target,rf,y_XLP,long_flat,5.0,sharpe,0.003,0.6281846059379116,0.2856953342844383
per_target,rf,y_XLP,long_short,5.0,cum_return,0.003,-0.0034164029566915444,-0.16487925285129956
per_target,rf,y_XLP,long_short,5.0,sharpe,0.003,-0.00890643200140185,-0.3445184465112208
per_target,rf,y_XLRE,long_flat,5.0,cum_return,0.0005,0.34809662084287596,0.23182307178842176
per_target,rf,y_XLRE,long_flat,5.0,sharpe,0.002,1.2602896825951533,0.7275856157187385
per_target,rf,y_XLRE,long_short,5.0,cum_return,0.0005,0.35119311744065485,0.2980530207458807
per_target,rf,y_XLRE,long_short,5.0,sharpe,0.002,0.9007086359396338,0.5646764702208081
per_target,rf,y_XLU,long_flat,5.0,cum_return,0.0,0.3121772058992389,0.3121772058992389
per_target,rf,y_XLU,long_flat,5.0,sharpe,0.0,0.8148791885582365,0.8148791885582365
per_target,rf,y_XLU,long_short,5.0,cum_return,0.005,0.03084368919031033,-0.15861372115119854
per_target,rf,y_XLU,long_short,5.0,sharpe,0.005,0.3841620805608406,-0.24430501362104778
per_target,rf,y_XLV,long_flat,5.0,cum_return,0.005,-0.03204293762940735,-0.5832981543760578
per_target,rf,y_XLV,long_flat,5.0,sharpe,0.005,-0.4026542803981623,-2.3459721592347234
per_target,rf,y_XLV,long_short,5.0,cum_return,0.005,-0.03204293762940735,-0.806856520004377
per_target,rf,y_XLV,long_short,5.0,sharpe,0.005,-0.4026542803981623,-2.993695240471196
per_target,rf,y_XLY,long_flat,5.0,cum_return,0.005,-0.02967600626689071,-0.11791383056500004
per_target,rf,y_XLY,long_flat,5.0,sharpe,0.0,-0.1911308046186109,-0.1911308046186109
per_target,rf,y_XLY,long_short,5.0,cum_return,0.005,-0.20176884116875826,-0.48232814684354586
per_target,rf,y_XLY,long_short,5.0,sharpe,0.001,-0.29720201444786654,-0.7364713034264723
per_target,ridge,y_BTC-USD,long_flat,5.0,cum_return,0.0,-0.4358895991704641,-0.4358895991704641
per_target,ridge,y_BTC-USD,long_flat,5.0,sharpe,0.0,-0.2036189562661263,-0.2036189562661263
per_target,ridge,y_BTC-USD,long_short,5.0,cum_return,0.0,-0.9235964356811146,-0.9235964356811146
per_target,ridge,y_BTC-USD,long_short,5.0,sharpe,0.0,-0.9438148765462496,-0.9438148765462496
per_target,ridge,y_GLD,long_flat,5.0,cum_return,0.005,0.09496018964384789,0.06969469757917368
per_target,ridge,y_GLD,long_flat,5.0,sharpe,0.005,0.2818959861582735,0.21721608333464665
per_target,ridge,y_GLD,long_short,5.0,cum_return,0.005,-0.4340528005137936,-0.6280636888419482
per_target,ridge,y_GLD,long_short,5.0,sharpe,0.005,-0.869229249685086,-1.3796363235803335
per_target,ridge,y_TLT,long_flat,5.0,cum_return,0.005,-0.3139654842307078,-0.35975227492853556
per_target,ridge,y_TLT,long_flat,5.0,sharpe,0.005,-1.4210150021663694,-1.4860437248639924
per_target,ridge,y_TLT,long_short,5.0,cum_return,0.005,-0.46798986857787916,-0.5214280095467174
per_target,ridge,y_TLT,long_short,5.0,sharpe,0.001,-1.6891000155776605,-1.8128975250149895
per_target,ridge,y_UUP,long_flat,5.0,cum_return,0.001,-0.2049159944286998,-0.22561733016432273
per_target,ridge,y_UUP,long_flat,5.0,sharpe,0.001,-1.529712325893488,-1.5807737256980021
per_target,ridge,y_UUP,long_short,5.0,cum_return,0.005,-0.36202848736942594,-0.4642858933824814
per_target,ridge,y_UUP,long_short,5.0,sharpe,0.001,-2.4372090398407926,-2.597912467066175
per_target,ridge,y_XLB,long_flat,5.0,cum_return,0.0,-0.5586265457614406,-0.5586265457614406
per_target,ridge,y_XLB,long_flat,5.0,sharpe,0.0,-2.062430099693377,-2.062430099693377
per_target,ridge,y_XLB,long_short,5.0,cum_return,0.005,-0.7739950758879224,-0.8151808871507349
per_target,ridge,y_XLB,long_short,5.0,sharpe,0.005,-2.5408203460842196,-2.5659008592736687
per_target,ridge,y_XLC,long_flat,5.0,cum_return,0.0005,-0.2099281744450303,-0.21232201109767168
per_target,ridge,y_XLC,long_flat,5.0,sharpe,0.0005,-0.42767213795843184,-0.4340836768244669
per_target,ridge,y_XLC,long_short,5.0,cum_return,0.005,-0.5387111405134182,-0.6074778576025683
per_target,ridge,y_XLC,long_short,5.0,sharpe,0.005,-1.340651617748925,-1.499716130797911
per_target,ridge,y_XLE,long_flat,5.0,cum_return,0.0,0.10447496310821514,0.10447496310821514
per_target,ridge,y_XLE,long_flat,5.0,sharpe,0.002,0.25517145674390196,0.2547731583008559
per_target,ridge,y_XLE,long_short,5.0,cum_return,0.002,-0.18187838437751735,-0.23067808492652475
per_target,ridge,y_XLE,long_short,5.0,sharpe,0.002,-0.1366389711402025,-0.20303452871673583
per_target,ridge,y_XLF,long_flat,5.0,cum_return,0.0005,-0.31888212764244694,-0.3227410238655902
per_target,ridge,y_XLF,long_flat,5.0,sharpe,0.0005,-0.6866281384436532,-0.6903522995432244
per_target,ridge,y_XLF,long_short,5.0,cum_return,0.0005,-0.6822997908120879,-0.6954164511483738
per_target,ridge,y_XLF,long_short,5.0,sharpe,0.0005,-1.7310211387862713,-1.7802383687014067
per_target,ridge,y_XLI,long_flat,5.0,cum_return,0.0005,0.03560143153881423,0.027322117167676074
per_target,ridge,y_XLI,long_flat,5.0,sharpe,0.0005,0.14535419569892188,0.1279400341681831
per_target,ridge,y_XLI,long_short,5.0,cum_return,0.0,-0.3629526339766055,-0.3629526339766055
per_target,ridge,y_XLI,long_short,5.0,sharpe,0.0,-0.6488115480122653,-0.6488115480122653
per_target,ridge,y_XLK,long_flat,5.0,cum_return,0.0,-0.12074522862869386,-0.12074522862869386
per_target,ridge,y_XLK,long_flat,5.0,sharpe,0.0,-0.1281820939756395,-0.1281820939756395
per_target,ridge,y_XLK,long_short,5.0,cum_return,0.0,-0.4969620677661043,-0.4969620677661043
per_target,ridge,y_XLK,long_short,5.0,sharpe,0.0,-0.6528485456805724,-0.6528485456805724
per_target,ridge,y_XLP,long_flat,5.0,cum_return,0.002,-0.13067311274696647,-0.15087914247311973
per_target,ridge,y_XLP,long_flat,5.0,sharpe,0.002,-0.48968595874990967,-0.5416236671178482
per_target,ridge,y_XLP,long_short,5.0,cum_return,0.002,-0.45231088978448897,-0.47812469120511214
per_target,ridge,y_XLP,long_short,5.0,sharpe,0.002,-1.3664000634901776,-1.4095027848725357
per_target,ridge,y_XLRE,long_flat,5.0,cum_return,0.005,-0.34395280882936663,-0.42326224720149197
per_target,ridge,y_XLRE,long_flat,5.0,sharpe,0.003,-1.3086202690186195,-1.5451751103430447
per_target,ridge,y_XLRE,long_short,5.0,cum_return,0.005,-0.6710989749257309,-0.7137236325450106
per_target,ridge,y_XLRE,long_short,5.0,sharpe,0.005,-2.190548092375805,-2.2257701488573716
per_target,ridge,y_XLU,long_flat,5.0,cum_return,0.0005,-0.013211547955183423,-0.048073675269844185
per_target,ridge,y_XLU,long_flat,5.0,sharpe,0.0005,0.013598537132712288,-0.08233059037712966
per_target,ridge,y_XLU,long_short,5.0,cum_return,0.002,-0.49967355450218964,-0.5572511641637541
per_target,ridge,y_XLU,long_short,5.0,sharpe,0.002,-1.3440913938381815,-1.4528307276604
per_target,ridge,y_XLV,long_flat,5.0,cum_return,0.005,-0.2646959655788774,-0.3283909265287269
per_target,ridge,y_XLV,long_flat,5.0,sharpe,0.005,-0.8620109066702247,-0.8939047400629532
per_target,ridge,y_XLV,long_short,5.0,cum_return,0.005,-0.4255421849776503,-0.4926883915028646
per_target,ridge,y_XLV,long_short,5.0,sharpe,0.0,-1.1763816693725322,-1.1763816693725322
per_target,ridge,y_XLY,long_flat,5.0,cum_return,0.005,-0.01802683049214382,-0.18829977609866033
per_target,ridge,y_XLY,long_flat,5.0,sharpe,0.005,0.04617635864714182,-0.28073376295262686
per_target,ridge,y_XLY,long_short,5.0,cum_return,0.005,-0.35330278794667236,-0.5472681034050823
per_target,ridge,y_XLY,long_short,5.0,sharpe,0.005,-0.5206088696427241,-0.9189846130076176
