model,target,fold_id,n_samples,mae,rmse,r2,directional_accuracy,hit_rate,pearson,spearman
baseline_zero,y_UUP,0,35,0.0033575640237602463,0.00386423584591131,-0.0010463508090647888,0.0,0.0,,
baseline_zero,y_UUP,1,35,0.0029058800144799272,0.003416224578705239,-0.056968829888371486,0.02857142857142857,0.02857142857142857,,
baseline_zero,y_UUP,2,37,0.003533601098641402,0.00458901262527364,-0.10270692022751993,0.02702702702702703,0.02702702702702703,,
baseline_zero,y_UUP,3,34,0.003438994341634527,0.004676712171717789,-0.07019631275676996,0.029411764705882353,0.029411764705882353,,
baseline_zero,y_UUP,4,32,0.0038618928758404787,0.00518205389306361,-0.09095113944562838,0.0,0.0,,
baseline_zero,y_UUP,5,28,0.0033029262750077066,0.0041878321572928695,-0.056904158600559196,0.03571428571428571,0.03571428571428571,,
baseline_zero,y_UUP,6,29,0.003248885245545253,0.0041482734427153375,-0.0376931922807775,0.06896551724137931,0.06896551724137931,,
baseline_zero,y_UUP,7,30,0.003529386666761684,0.00428066309631576,-0.0010082832422544374,0.06666666666666667,0.06666666666666667,,
baseline_zero,y_UUP,8,34,0.0037050033690697397,0.00469439745978026,-0.0282563804784266,0.029411764705882353,0.029411764705882353,,
baseline_zero,y_UUP,9,35,0.0049121928216778145,0.00673962591861746,-0.09338754318819764,0.0,0.0,,
baseline_zero,y_UUP,10,35,0.005074368226603274,0.006846004159339947,-0.028321091559159184,0.0,0.0,,
baseline_zero,y_UUP,11,35,0.005401769916881029,0.006923565824966509,-0.018803088991871775,0.0,0.0,,
baseline_zero,y_UUP,12,34,0.004391913510343071,0.0050225482953551726,-0.0021692655185066023,0.0,0.0,,
baseline_zero,y_UUP,13,35,0.003810803938153359,0.004446228296451771,-0.00038822954476547267,0.02857142857142857,0.02857142857142857,,
baseline_zero,y_UUP,14,34,0.0035192545929149275,0.0044151444271919105,-9.501485832341672e-06,0.058823529411764705,0.058823529411764705,,
baseline_zero,y_UUP,15,34,0.0033319508539470357,0.004320124068073475,-0.002395263267109371,0.058823529411764705,0.058823529411764705,,
baseline_zero,y_UUP,16,33,0.0034163175240225917,0.004395606873655189,-0.01072132939527548,0.030303030303030304,0.030303030303030304,,
baseline_zero,y_UUP,17,33,0.003349707062062239,0.004070153785821067,-0.0069003009597201626,0.0,0.0,,
baseline_zero,y_UUP,18,34,0.0031095904234154158,0.003746479669745121,-0.052300231293543,0.029411764705882353,0.029411764705882353,,
baseline_zero,y_UUP,19,35,0.0027472068040946722,0.003512619807836071,-0.0527867204007082,0.02857142857142857,0.02857142857142857,,
baseline_zero,y_UUP,20,34,0.0023453123039325896,0.002933743541724233,-0.004940423258614102,0.029411764705882353,0.029411764705882353,,
baseline_zero,y_UUP,21,29,0.0021112540368645565,0.0026883788556217522,-0.006360280133223428,0.0,0.0,,
baseline_zero,y_UUP,22,27,0.0024649224130403745,0.003093484022125943,-0.006821095097630403,0.037037037037037035,0.037037037037037035,,
baseline_zero,y_UUP,23,29,0.00287058890093367,0.004034702529323578,-0.013864163191571466,0.06896551724137931,0.06896551724137931,,
baseline_zero,y_UUP,24,33,0.0028516004456348165,0.003995463841964337,-0.018764193652744288,0.06060606060606061,0.06060606060606061,,
baseline_zero,y_TLT,0,35,0.006393064555591655,0.007798233045477128,-0.04128071783840137,0.0,0.0,,
baseline_zero,y_TLT,1,35,0.005500094567671618,0.006841411917921084,-0.05378134308817062,0.0,0.0,,
baseline_zero,y_TLT,2,37,0.00690638570257602,0.008859201559545945,-0.06920412639742901,0.0,0.0,,
baseline_zero,y_TLT,3,34,0.006421905439578957,0.00861857362853395,-0.00886998171787945,0.0,0.0,,
baseline_zero,y_TLT,4,32,0.007470857833962726,0.009409287858728034,-0.06779375684425326,0.0,0.0,,
baseline_zero,y_TLT,5,28,0.006177280013612114,0.007675634866705322,-0.05171828039251092,0.0,0.0,,
baseline_zero,y_TLT,6,29,0.006436238857590217,0.00798006626167335,-0.07047541062917007,0.0,0.0,,
baseline_zero,y_TLT,7,30,0.006779786414369948,0.008560170341985696,-0.03620304933627061,0.0,0.0,,
baseline_zero,y_TLT,8,34,0.006624253986193899,0.008061105182665212,-0.0014656452147541188,0.0,0.0,,
baseline_zero,y_TLT,9,35,0.00783519303933108,0.009790245237063195,-0.0001694237682483557,0.0,0.0,,
baseline_zero,y_TLT,10,35,0.00732271545904439,0.008979187254950304,-0.006384383440420693,0.0,0.0,,
baseline_zero,y_TLT,11,35,0.007516507657100594,0.009265248110550739,-0.0006468848354341805,0.0,0.0,,
baseline_zero,y_TLT,12,34,0.006862747388631577,0.007994045152082862,-0.00467553090590167,0.0,0.0,,
baseline_zero,y_TLT,13,35,0.005900520510313693,0.007475415655367545,-0.0036488994523309337,0.0,0.0,,
baseline_zero,y_TLT,14,34,0.006008465928499299,0.007656842387764249,-0.013697782822444715,0.0,0.0,,
baseline_zero,y_TLT,15,34,0.005567966658844263,0.006915073586147478,-0.0043675271214602684,0.0,0.0,,
baseline_zero,y_TLT,16,33,0.006113441303863706,0.00726218623089709,-0.04848786237298475,0.0,0.0,,
baseline_zero,y_TLT,17,33,0.005118013484179133,0.00643353446129887,-0.040969388734298784,0.030303030303030304,0.030303030303030304,,
baseline_zero,y_TLT,18,34,0.004600414112255258,0.005998407859153154,-0.018280869901252217,0.029411764705882353,0.029411764705882353,,
baseline_zero,y_TLT,19,35,0.004031530558015538,0.005336021893486951,-0.00025503125105497126,0.02857142857142857,0.02857142857142857,,
baseline_zero,y_TLT,20,34,0.004082173247491641,0.005013381039216964,-0.015086002966622214,0.0,0.0,,
baseline_zero,y_TLT,21,29,0.004183294495725417,0.005021263025972615,-0.004078291682746205,0.0,0.0,,
baseline_zero,y_TLT,22,27,0.00398695282277681,0.004607734755678312,-0.005845762661623732,0.0,0.0,,
baseline_zero,y_TLT,23,29,0.00475692971310473,0.005729012982461639,-0.055010219007781025,0.0,0.0,,
baseline_zero,y_TLT,24,33,0.004201237432336261,0.005220261287356845,-0.03252496619508194,0.0,0.0,,
baseline_zero,y_GLD,0,35,0.007020159579643392,0.00889713032969153,-0.08166826016028517,0.0,0.0,,
baseline_zero,y_GLD,1,35,0.00696783503292839,0.008193320229660695,-0.13025660209768586,0.0,0.0,,
baseline_zero,y_GLD,2,37,0.008013813311806988,0.00984320098044455,-0.010193628065311877,0.0,0.0,,
baseline_zero,y_GLD,3,34,0.007532853692095593,0.009419903253645787,-0.010013041835275294,0.0,0.0,,
baseline_zero,y_GLD,4,32,0.008142900958443139,0.010337409077741532,-0.006815436709831424,0.0,0.0,,
baseline_zero,y_GLD,5,28,0.006999895904548109,0.00827023845558498,-0.03328271805046712,0.0,0.0,,
baseline_zero,y_GLD,6,29,0.007106158440173942,0.008359037102700088,-0.04560412208977338,0.0,0.0,,
baseline_zero,y_GLD,7,30,0.006017702515982448,0.007389461626374523,-0.018778783046523584,0.0,0.0,,
baseline_zero,y_GLD,8,34,0.006066180209560209,0.007887726161999642,-0.041181225563804436,0.0,0.0,,
baseline_zero,y_GLD,9,35,0.00825199147405174,0.011692305409701174,-0.047617296576165424,0.0,0.0,,
baseline_zero,y_GLD,10,35,0.010475719795191085,0.013938255846051581,-0.035687889026470465,0.0,0.0,,
baseline_zero,y_GLD,11,35,0.013457435362762211,0.016278015787321482,-0.015502523877279684,0.0,0.0,,
baseline_zero,y_GLD,12,34,0.011921118640831433,0.014176382404873795,-4.2943150027952015e-05,0.0,0.0,,
baseline_zero,y_GLD,13,35,0.009580795204757868,0.011518555821990073,-0.00399207914786226,0.0,0.0,,
baseline_zero,y_GLD,14,34,0.0066766992804608094,0.008235515523842257,-0.0015169606972582628,0.0,0.0,,
baseline_zero,y_GLD,15,34,0.006415531341551438,0.007873553160159719,-0.02748441182595407,0.0,0.0,,
baseline_zero,y_GLD,16,33,0.00600460231656785,0.007649118297925815,-0.07883127741758211,0.0,0.0,,
baseline_zero,y_GLD,17,33,0.006582485043282734,0.007828584430541893,-0.12093953433952032,0.0,0.0,,
baseline_zero,y_GLD,18,34,0.009434641112153683,0.014700688962686757,-0.0007119557221124673,0.0,0.0,,
baseline_zero,y_GLD,19,35,0.010245204312540076,0.015232146679003997,-2.0935736027904994e-05,0.0,0.0,,
baseline_zero,y_GLD,20,34,0.00916536888249371,0.014749421329740456,-0.00015970424569844432,0.0,0.0,,
baseline_zero,y_GLD,21,29,0.0055264227637578135,0.007527255798277354,-0.011366395779329075,0.0,0.0,,
baseline_zero,y_GLD,22,27,0.005736512879316831,0.007272376313878863,-0.1330457502865292,0.0,0.0,,
baseline_zero,y_GLD,23,29,0.016629549257127146,0.027255775157305418,-0.006630589331921843,0.0,0.0,,
baseline_zero,y_GLD,24,33,0.018864574791772764,0.027633265812357366,-0.008402939346896288,0.0,0.0,,
baseline_zero,y_BTC-USD,0,60,0.02143387287811024,0.029579241483804926,-0.0024653322346051,0.0,0.0,,
baseline_zero,y_BTC-USD,1,60,0.01522588650319157,0.019979994420942837,-0.0008484664195065328,0.0,0.0,,
baseline_zero,y_BTC-USD,2,60,0.018339295554787593,0.02668148817547512,-0.07729998242810665,0.0,0.0,,
baseline_zero,y_BTC-USD,3,60,0.018287363006754032,0.02667874230885171,-0.10864681866594283,0.0,0.0,,
baseline_zero,y_BTC-USD,4,60,0.02045039874495683,0.02880942863485924,-0.06274732168944674,0.0,0.0,,
baseline_zero,y_BTC-USD,5,60,0.01732086731298034,0.02302208044112268,-0.020269904387385962,0.0,0.0,,
baseline_zero,y_BTC-USD,6,60,0.017003374794653178,0.022842345347324787,-0.0007932109501427309,0.0,0.0,,
baseline_zero,y_BTC-USD,7,60,0.016030066176185624,0.02162082889574144,-0.00438758056867683,0.0,0.0,,
baseline_zero,y_BTC-USD,8,60,0.019555741185259757,0.026910079146840103,-0.002710313910093909,0.0,0.0,,
baseline_zero,y_BTC-USD,9,60,0.02251142826951021,0.030608102637734017,-0.0002187621947171703,0.0,0.0,,
baseline_zero,y_BTC-USD,10,60,0.021365243008927327,0.030155280032802143,-0.012083507615006761,0.0,0.0,,
baseline_zero,y_BTC-USD,11,60,0.016942264538330438,0.024755993221097596,-0.036029246052956765,0.0,0.0,,
baseline_zero,y_BTC-USD,12,60,0.013038915969623937,0.01898904153487371,-0.04580217099700068,0.0,0.0,,
baseline_zero,y_BTC-USD,13,60,0.012591393497470975,0.01765188431400074,-0.03554187980750734,0.0,0.0,,
baseline_zero,y_BTC-USD,14,60,0.011197792407117779,0.01475291572406133,-0.008593921497186852,0.0,0.0,,
baseline_zero,y_BTC-USD,15,60,0.012129742286574517,0.015757894304272702,-0.002772812192105567,0.0,0.0,,
baseline_zero,y_BTC-USD,16,60,0.011026358777821956,0.01456157974089234,-0.00047142299678681887,0.0,0.0,,
baseline_zero,y_BTC-USD,17,60,0.013733744379896162,0.01913334070358832,-0.0005435999133771574,0.0,0.0,,
baseline_zero,y_BTC-USD,18,60,0.013466038217477437,0.018085695240787972,-2.4734474024512565e-08,0.0,0.0,,
baseline_zero,y_BTC-USD,19,60,0.018696691299455843,0.02315600535478277,-0.03738904755276762,0.0,0.0,,
baseline_zero,y_BTC-USD,20,60,0.018224826625363972,0.022472743686296554,-0.02833898951094338,0.0,0.0,,
baseline_zero,y_BTC-USD,21,60,0.01680558135273275,0.02179978519516177,-0.011443014915251126,0.0,0.0,,
baseline_zero,y_BTC-USD,22,60,0.01354270217770471,0.018973511457249983,-0.00679693470322551,0.0,0.0,,
baseline_zero,y_BTC-USD,23,60,0.01893031235069961,0.031814935369042945,-0.0116936852303271,0.0,0.0,,
baseline_zero,y_BTC-USD,24,60,0.023592194299755505,0.035473339359810445,-0.011758853821401516,0.0,0.0,,
baseline_zero,y_XLK,0,35,0.012755450181486643,0.016260636438830606,-0.08122726345773912,0.0,0.0,,
baseline_zero,y_XLK,1,35,0.009903407225486565,0.013074599219125594,-0.02150857283417107,0.0,0.0,,
baseline_zero,y_XLK,2,37,0.010272337745057198,0.013591792380785096,-0.007716160439279474,0.0,0.0,,
baseline_zero,y_XLK,3,34,0.009388256917186604,0.012693596552016535,-0.010259254754890978,0.0,0.0,,
baseline_zero,y_XLK,4,32,0.010885199893771052,0.014009874190041486,-0.00016096345223948205,0.0,0.0,,
baseline_zero,y_XLK,5,28,0.009864831782698301,0.012318968036966515,-0.0041914614073277345,0.0,0.0,,
baseline_zero,y_XLK,6,29,0.011172145506497274,0.013645052074923256,-0.01198339804401316,0.0,0.0,,
baseline_zero,y_XLK,7,30,0.011060203933273848,0.014271664780598544,-0.0047451831971740965,0.0,0.0,,
baseline_zero,y_XLK,8,34,0.011913688759029558,0.01518767706286536,-0.0028803806297541534,0.0,0.0,,
baseline_zero,y_XLK,9,35,0.020506223840143716,0.03261720156930681,-0.008914452005154727,0.0,0.0,,
baseline_zero,y_XLK,10,35,0.022377479162188216,0.03351667954365691,-0.0012502043852467004,0.0,0.0,,
baseline_zero,y_XLK,11,35,0.02038058570932834,0.03269175774427796,-0.0008420400457134214,0.0,0.0,,
baseline_zero,y_XLK,12,34,0.01036973596657973,0.014109003558783128,-0.08386385723857148,0.0,0.0,,
baseline_zero,y_XLK,13,35,0.0067500212111621305,0.008476880745612833,-0.04600125416115408,0.0,0.0,,
baseline_zero,y_XLK,14,34,0.006521836630686882,0.008252257273956997,-0.04722132491178166,0.0,0.0,,
baseline_zero,y_XLK,15,34,0.0071555332543012905,0.008804113023759124,-0.00872161069416344,0.0,0.0,,
baseline_zero,y_XLK,16,33,0.007362287116381515,0.00941965514890807,-0.009575124541071789,0.0,0.0,,
baseline_zero,y_XLK,17,33,0.008073447004977058,0.011152207012302514,-0.00012177716435535224,0.0,0.0,,
baseline_zero,y_XLK,18,34,0.007947550049665023,0.01108444201562851,-0.01362371798943407,0.0,0.0,,
baseline_zero,y_XLK,19,35,0.010048956194125498,0.013609917263402327,-0.05054966594329402,0.0,0.0,,
baseline_zero,y_XLK,20,34,0.009652716464394378,0.01267303989116543,-0.028752109993790853,0.0,0.0,,
baseline_zero,y_XLK,21,29,0.010710962217139748,0.01403305808800854,-0.05161864069129729,0.0,0.0,,
baseline_zero,y_XLK,22,27,0.008500503072218949,0.011208181650587404,-0.009553643137621304,0.0,0.0,,
baseline_zero,y_XLK,23,29,0.012175994526183986,0.015587089792500506,-0.01268411411565551,0.0,0.0,,
baseline_zero,y_XLK,24,33,0.012525223575362461,0.015376451698657078,-0.0142110738551402,0.0,0.0,,
baseline_zero,y_XLF,0,35,0.006804236073988015,0.00818609967882843,-0.10918348571626368,0.0,0.0,,
baseline_zero,y_XLF,1,35,0.00610162688904118,0.00777923706206307,-0.023401779421340807,0.0,0.0,,
baseline_zero,y_XLF,2,37,0.007500456578972005,0.012594292929541347,-0.05137820776662139,0.0,0.0,,
baseline_zero,y_XLF,3,34,0.0075076047415118755,0.012879982761063455,-0.05055625506415429,0.0,0.0,,
baseline_zero,y_XLF,4,32,0.008368238371856851,0.013969518197743815,-0.009220186221982951,0.0,0.0,,
baseline_zero,y_XLF,5,28,0.007188767428895908,0.010035668760166613,-0.03996431741606199,0.0,0.0,,
baseline_zero,y_XLF,6,29,0.0071575102133161666,0.009833812777299276,-0.04884390335817934,0.0,0.0,,
baseline_zero,y_XLF,7,30,0.006557540266012015,0.008796099150664058,-0.1097547702951076,0.0,0.0,,
baseline_zero,y_XLF,8,34,0.007293155985707188,0.010398025240077505,-0.0013234872476963755,0.0,0.0,,
baseline_zero,y_XLF,9,35,0.013580576567971429,0.02285549439858042,-0.016862737239050185,0.0,0.0,,
baseline_zero,y_XLF,10,35,0.014826813775570078,0.0236340097509565,-0.0016319209255926115,0.0,0.0,,
baseline_zero,y_XLF,11,35,0.01343771921871711,0.022614881953206108,-0.00011529574867363834,0.02857142857142857,0.02857142857142857,,
baseline_zero,y_XLF,12,34,0.007188454984177841,0.010255190456402708,-0.022467523008765422,0.058823529411764705,0.058823529411764705,,
baseline_zero,y_XLF,13,35,0.0062214079190482325,0.008069552474628582,-0.0007660383933250081,0.05714285714285714,0.05714285714285714,,
baseline_zero,y_XLF,14,34,0.006872196001047983,0.008520552102996806,-0.0007153854239885238,0.029411764705882353,0.029411764705882353,,
baseline_zero,y_XLF,15,34,0.0068030303247639,0.008213005179935562,-0.013917649544497479,0.0,0.0,,
baseline_zero,y_XLF,16,33,0.006661911845039822,0.008341213952736811,-0.012104578186980852,0.0,0.0,,
baseline_zero,y_XLF,17,33,0.006041850837583503,0.008040451447410344,-0.00018205082783073756,0.0,0.0,,
baseline_zero,y_XLF,18,34,0.006988375257827097,0.009509954169640296,-0.018540997044879992,0.029411764705882353,0.029411764705882353,,
baseline_zero,y_XLF,19,35,0.006892093839327813,0.009045201360589195,-0.023798193888135977,0.02857142857142857,0.02857142857142857,,
baseline_zero,y_XLF,20,34,0.0072839892394096165,0.009417020961727744,-0.02378971893916937,0.029411764705882353,0.029411764705882353,,
baseline_zero,y_XLF,21,29,0.006251609827096965,0.00770208855048492,-0.08378698814532015,0.0,0.0,,
baseline_zero,y_XLF,22,27,0.006459613281905276,0.008436200566138622,-0.013029669830321167,0.0,0.0,,
baseline_zero,y_XLF,23,29,0.007374852630081273,0.009337803583317364,-0.0821101285744994,0.0,0.0,,
baseline_zero,y_XLF,24,33,0.008715606480420458,0.010521434857939741,-0.03270988409613307,0.0,0.0,,
baseline_zero,y_XLE,0,35,0.01049825449029586,0.01251304764405468,-0.014721663231145543,0.0,0.0,,
baseline_zero,y_XLE,1,35,0.010214922409365784,0.012748479820893813,-0.0015336116178079617,0.0,0.0,,
baseline_zero,y_XLE,2,37,0.00971498206180547,0.013204739669688001,-0.021686553406068176,0.0,0.0,,
baseline_zero,y_XLE,3,34,0.008109833273532159,0.012093400591968536,-0.0036013886732149114,0.0,0.0,,
baseline_zero,y_XLE,4,32,0.008227046844800967,0.01166705329632995,-0.008354533607870973,0.0,0.0,,
baseline_zero,y_XLE,5,28,0.00833039408253077,0.01071916234708763,-3.957660389386497e-05,0.0,0.0,,
baseline_zero,y_XLE,6,29,0.009604514022488853,0.012106993861805408,-0.003439604448648881,0.0,0.0,,
baseline_zero,y_XLE,7,30,0.010511488854488781,0.012575357624905461,-0.002214252773477643,0.0,0.0,,
baseline_zero,y_XLE,8,34,0.010685723380866633,0.013154222578704952,-0.0034909223305961135,0.0,0.0,,
baseline_zero,y_XLE,9,35,0.018211199350110525,0.029277001897324968,-0.016737668099356062,0.0,0.0,,
baseline_zero,y_XLE,10,35,0.01830007086356391,0.029590763905596344,-0.004385001688149481,0.0,0.0,,
baseline_zero,y_XLE,11,35,0.0172281719263086,0.029120314685496987,-0.008244738814230823,0.0,0.0,,
baseline_zero,y_XLE,12,34,0.010101914902164558,0.012657013243160068,-0.07130034939789676,0.0,0.0,,
baseline_zero,y_XLE,13,35,0.00936893848574352,0.0113745010133663,-0.057867238334047943,0.0,0.0,,
baseline_zero,y_XLE,14,34,0.009778701291615751,0.011551546658289847,-0.028814297831366575,0.0,0.0,,
baseline_zero,y_XLE,15,34,0.008360671526277078,0.010536033230359952,-0.021293951266616817,0.029411764705882353,0.029411764705882353,,
baseline_zero,y_XLE,16,33,0.00852535428513244,0.010716763576908839,-0.011643590774065071,0.030303030303030304,0.030303030303030304,,
baseline_zero,y_XLE,17,33,0.00907428286352343,0.011596913329690832,-0.00545281886640292,0.06060606060606061,0.06060606060606061,,
baseline_zero,y_XLE,18,34,0.008966124756848578,0.010981707190173879,-1.7100052107643648e-06,0.029411764705882353,0.029411764705882353,,
baseline_zero,y_XLE,19,35,0.009155199165765453,0.010740408200903637,-1.0116122656445015e-05,0.02857142857142857,0.02857142857142857,,
baseline_zero,y_XLE,20,34,0.008776625299907633,0.009879190615854731,-0.01552524568249547,0.0,0.0,,
baseline_zero,y_XLE,21,29,0.01003852273414369,0.011940823534777115,-0.0008604684833821707,0.034482758620689655,0.034482758620689655,,
baseline_zero,y_XLE,22,27,0.011004410892390147,0.014044511779611473,-0.0027624096174405643,0.037037037037037035,0.037037037037037035,,
baseline_zero,y_XLE,23,29,0.013360536847379877,0.016502434260993994,-0.07185303336137117,0.034482758620689655,0.034482758620689655,,
baseline_zero,y_XLE,24,33,0.01157381711720369,0.014607823325488259,-0.1508227547938965,0.0,0.0,,
baseline_zero,y_XLV,0,35,0.0049074772877325,0.006645829956786644,-0.006337237371793147,0.0,0.0,,
baseline_zero,y_XLV,1,35,0.004765791423268657,0.005812233339060857,-0.054095480012713804,0.0,0.0,,
baseline_zero,y_XLV,2,37,0.005890713805199452,0.007259562872519359,-0.09507167773182146,0.0,0.0,,
baseline_zero,y_XLV,3,34,0.006463251350168264,0.0077349713676739,-0.020826797934774044,0.0,0.0,,
baseline_zero,y_XLV,4,32,0.006819987255952377,0.008340994063309015,-0.06076247143663238,0.0,0.0,,
baseline_zero,y_XLV,5,28,0.006170350486343175,0.007305357473128082,-0.005834783405080701,0.0,0.0,,
baseline_zero,y_XLV,6,29,0.006457326607152875,0.007559168023478924,-0.009142728273534129,0.0,0.0,,
baseline_zero,y_XLV,7,30,0.006388764735531838,0.007295624378932473,-0.015163281458652422,0.0,0.0,,
baseline_zero,y_XLV,8,34,0.006019747621143219,0.007212211408910724,-0.0011266130515112938,0.0,0.0,,
baseline_zero,y_XLV,9,35,0.009717424143408355,0.014929730704229057,-0.02586301601525176,0.0,0.0,,
baseline_zero,y_XLV,10,35,0.010974686569074391,0.01595847728541372,-0.019030119425446745,0.0,0.0,,
baseline_zero,y_XLV,11,35,0.014306880410671921,0.018567328949983763,-0.05235412697809716,0.0,0.0,,
baseline_zero,y_XLV,12,34,0.010247279894354817,0.013075606385768873,-0.008467320184774474,0.0,0.0,,
baseline_zero,y_XLV,13,35,0.009888407357970141,0.012685792279333528,-0.008299667448322667,0.0,0.0,,
baseline_zero,y_XLV,14,34,0.008177293265457323,0.010307260777766768,-0.005521207743815815,0.0,0.0,,
baseline_zero,y_XLV,15,34,0.008595357101142346,0.01058017438721395,-0.011237186601914306,0.0,0.0,,
baseline_zero,y_XLV,16,33,0.00712665891981463,0.009239268420851598,-0.011941204504548164,0.030303030303030304,0.030303030303030304,,
baseline_zero,y_XLV,17,33,0.007412434841962015,0.010232114901802319,-0.09037894414482306,0.030303030303030304,0.030303030303030304,,
baseline_zero,y_XLV,18,34,0.006378158405572138,0.0095637584930369,-0.032479841840952206,0.029411764705882353,0.029411764705882353,,
baseline_zero,y_XLV,19,35,0.00710766030295504,0.010487973236346156,-0.08932101364885048,0.0,0.0,,
baseline_zero,y_XLV,20,34,0.006305781880504281,0.008785360202867397,-0.09926676929894995,0.0,0.0,,
baseline_zero,y_XLV,21,29,0.007176132114613722,0.009576223368141365,-0.0852513014455678,0.0,0.0,,
baseline_zero,y_XLV,22,27,0.007127387825337165,0.008867538782358853,-0.004281969105023098,0.0,0.0,,
baseline_zero,y_XLV,23,29,0.007416676149810204,0.00891576436513821,-0.0010747819525023239,0.0,0.0,,
baseline_zero,y_XLV,24,33,0.007704301905076518,0.009495100410000295,-0.009214141894105188,0.0,0.0,,
baseline_zero,y_XLI,0,35,0.0061672080928252306,0.008077588931490489,-0.18579880833706808,0.0,0.0,,
baseline_zero,y_XLI,1,35,0.005893829419124968,0.007375682751260911,-0.027669883275774243,0.0,0.0,,
baseline_zero,y_XLI,2,37,0.007429555387039572,0.010306216915781086,-0.019504646094837597,0.0,0.0,,
baseline_zero,y_XLI,3,34,0.0076501438424506005,0.010644195024098014,-0.005120675577177547,0.0,0.0,,
baseline_zero,y_XLI,4,32,0.008110392997198217,0.011555306132554174,-0.0014582669316325347,0.0,0.0,,
baseline_zero,y_XLI,5,28,0.006830333902676788,0.009011923335657998,-0.004021818088396856,0.0,0.0,,
baseline_zero,y_XLI,6,29,0.006416543966602154,0.008467766506956681,-0.0012451630215641885,0.0,0.0,,
baseline_zero,y_XLI,7,30,0.005625036326607776,0.007461717308250236,-0.018198921529250622,0.0,0.0,,
baseline_zero,y_XLI,8,34,0.007253533927752879,0.009360964548928355,-0.010188714778308405,0.0,0.0,,
baseline_zero,y_XLI,9,35,0.01427897867926189,0.023315367207336683,-0.013093776639908628,0.0,0.0,,
baseline_zero,y_XLI,10,35,0.01581216843323517,0.0238554070003585,-3.112548245720603e-05,0.0,0.0,,
baseline_zero,y_XLI,11,35,0.01454547019957611,0.0233234743301271,-0.0012957870044263409,0.0,0.0,,
baseline_zero,y_XLI,12,34,0.007125350271895938,0.009172903773819054,-0.08565237445960316,0.0,0.0,,
baseline_zero,y_XLI,13,35,0.005598719571899217,0.0072439258215473415,-0.037540928194707224,0.0,0.0,,
baseline_zero,y_XLI,14,34,0.004992082163624587,0.006671945655819349,-0.015052396200688989,0.0,0.0,,
baseline_zero,y_XLI,15,34,0.005671096778665223,0.007401969558185517,-0.012746856963200992,0.0,0.0,,
baseline_zero,y_XLI,16,33,0.005781493326850645,0.007286228167171348,-0.0004135630453385719,0.0,0.0,,
baseline_zero,y_XLI,17,33,0.006573594781217148,0.008149188633461427,-0.0027398164599758967,0.0,0.0,,
baseline_zero,y_XLI,18,34,0.006682608550272127,0.008154498284744861,-0.0004535179769959985,0.0,0.0,,
baseline_zero,y_XLI,19,35,0.006787416899016116,0.008629398568785291,-0.026177895802807827,0.0,0.0,,
baseline_zero,y_XLI,20,34,0.007007358720446081,0.008577142407426842,-0.014012853060370256,0.0,0.0,,
baseline_zero,y_XLI,21,29,0.007476088941106407,0.008965664256740518,-0.002468362772088062,0.0,0.0,,
baseline_zero,y_XLI,22,27,0.008353144208612119,0.00943531114442617,-0.06449835645831903,0.0,0.0,,
baseline_zero,y_XLI,23,29,0.008045777213579026,0.009825347618713065,-0.03320076355806889,0.0,0.0,,
baseline_zero,y_XLI,24,33,0.008487807784621756,0.010537349216532882,-0.013864223310921409,0.0,0.0,,
baseline_zero,y_XLY,0,35,0.010380670337228953,0.013087395780711148,-0.1068787906965476,0.0,0.0,,
baseline_zero,y_XLY,1,35,0.008219592084498264,0.010789638578041896,-0.05871171955470156,0.0,0.0,,
baseline_zero,y_XLY,2,37,0.009369971435976303,0.012045540796596924,-0.06126384283286734,0.0,0.0,,
baseline_zero,y_XLY,3,34,0.009456038486666625,0.012279195405646292,-0.09945227817546076,0.0,0.0,,
baseline_zero,y_XLY,4,32,0.010996848898061493,0.014655851519042695,-0.024984871319779334,0.0,0.0,,
baseline_zero,y_XLY,5,28,0.010326271970409362,0.014446352399791893,-0.021011995626642355,0.0,0.0,,
baseline_zero,y_XLY,6,29,0.010372052592977339,0.014211183376435024,-0.00022586876463726036,0.0,0.0,,
baseline_zero,y_XLY,7,30,0.009349331168389107,0.011908799670954309,-0.005550699298334516,0.0,0.0,,
baseline_zero,y_XLY,8,34,0.010252713007910527,0.012864642275252955,-0.04373683974795117,0.0,0.0,,
baseline_zero,y_XLY,9,35,0.018139317407232795,0.027238010224289233,-0.018412694239088756,0.0,0.0,,
baseline_zero,y_XLY,10,35,0.019979017159969144,0.02810281480993992,-1.0681080515828612e-05,0.0,0.0,,
baseline_zero,y_XLY,11,35,0.018144563947705576,0.02707903080850719,-0.0019032377765437758,0.0,0.0,,
baseline_zero,y_XLY,12,34,0.010675154734852654,0.012962766365414654,-0.019908015685466296,0.0,0.0,,
baseline_zero,y_XLY,13,35,0.008045717123377259,0.009686336845542765,-0.00035139005842999005,0.0,0.0,,
baseline_zero,y_XLY,14,34,0.008350964278792127,0.01045796787602076,-0.000149368460332866,0.0,0.0,,
baseline_zero,y_XLY,15,34,0.007646096325558192,0.010375436377862217,-0.013091733730499877,0.0,0.0,,
baseline_zero,y_XLY,16,33,0.0077849044159326,0.010753487588554279,-0.016715855871622276,0.0,0.0,,
baseline_zero,y_XLY,17,33,0.008102254209667939,0.010980018166511497,-0.002390208867312893,0.0,0.0,,
baseline_zero,y_XLY,18,34,0.008918066209176016,0.011454506563935268,-0.0038911386566657935,0.0,0.0,,
baseline_zero,y_XLY,19,35,0.010451146832812713,0.013109434653036978,-0.07438832094708037,0.0,0.0,,
baseline_zero,y_XLY,20,34,0.009533229613200623,0.012380010176327144,-0.00021725777327019635,0.0,0.0,,
baseline_zero,y_XLY,21,29,0.00913613217379407,0.011731216137646291,-0.0027497258634119337,0.0,0.0,,
baseline_zero,y_XLY,22,27,0.007243293738194344,0.009132787511019803,-0.13860234724121234,0.0,0.0,,
baseline_zero,y_XLY,23,29,0.007102392238607467,0.008877116168709925,-0.014727539227645359,0.0,0.0,,
baseline_zero,y_XLY,24,33,0.007587447836925453,0.009551703851311308,-0.00011636763812772344,0.0,0.0,,
baseline_zero,y_XLP,0,35,0.004799472181890347,0.005543203999694258,-0.015177008165116579,0.0,0.0,,
baseline_zero,y_XLP,1,35,0.004662901599153936,0.005316365270432284,-0.012422345783581479,0.0,0.0,,
baseline_zero,y_XLP,2,37,0.004999476615606201,0.006099488705252806,-0.020013403277252095,0.0,0.0,,
baseline_zero,y_XLP,3,34,0.004978697180803545,0.006125836042651132,-0.0017440330016327277,0.0,0.0,,
baseline_zero,y_XLP,4,32,0.005443414797571891,0.006737592211930409,-0.010646016503103706,0.0,0.0,,
baseline_zero,y_XLP,5,28,0.004723675750210214,0.005710668582009105,-0.0004184428498055226,0.0,0.0,,
baseline_zero,y_XLP,6,29,0.005323060047813144,0.006483122833120864,-0.00968467064161338,0.0,0.0,,
baseline_zero,y_XLP,7,30,0.006634200509652843,0.008223644987962474,-0.022643814413633834,0.0,0.0,,
baseline_zero,y_XLP,8,34,0.007631372418344828,0.009534239629257583,-0.013503247876902158,0.029411764705882353,0.029411764705882353,,
baseline_zero,y_XLP,9,35,0.009987167383209625,0.013901659356017344,-0.0015628216749297152,0.02857142857142857,0.02857142857142857,,
baseline_zero,y_XLP,10,35,0.009985566119572246,0.013814893186853729,-0.0074057182995515,0.02857142857142857,0.02857142857142857,,
baseline_zero,y_XLP,11,35,0.009926570245515602,0.013599283387146105,-0.0016225146354176267,0.0,0.0,,
baseline_zero,y_XLP,12,34,0.007343983250488044,0.008842941546425885,-0.000531105525131137,0.0,0.0,,
baseline_zero,y_XLP,13,35,0.0060144840722295406,0.007431920030612376,-0.01228037405171123,0.0,0.0,,
baseline_zero,y_XLP,14,34,0.005451772838176344,0.006535816570697992,-0.00032275675268600423,0.029411764705882353,0.029411764705882353,,
baseline_zero,y_XLP,15,34,0.005288444035127911,0.006406955822800535,-0.0011355736021740892,0.058823529411764705,0.058823529411764705,,
baseline_zero,y_XLP,16,33,0.0051674761490699056,0.006233977583662774,-0.012417755268407937,0.06060606060606061,0.06060606060606061,,
baseline_zero,y_XLP,17,33,0.00466570944737405,0.005607029677121618,-0.00026834186002711036,0.030303030303030304,0.030303030303030304,,
baseline_zero,y_XLP,18,34,0.005573725593613397,0.007362489863568305,-0.002610009673509106,0.0,0.0,,
baseline_zero,y_XLP,19,35,0.005877876403571558,0.007873426990660176,-0.005965891104927845,0.02857142857142857,0.02857142857142857,,
baseline_zero,y_XLP,20,34,0.006493751518890919,0.008438308858323374,-0.03615381378163618,0.029411764705882353,0.029411764705882353,,
baseline_zero,y_XLP,21,29,0.005599594639394228,0.006906462363815017,-0.1112283606255633,0.034482758620689655,0.034482758620689655,,
baseline_zero,y_XLP,22,27,0.00666166785632636,0.008401053343003837,-0.1357907219233454,0.0,0.0,,
baseline_zero,y_XLP,23,29,0.00786432675305156,0.009636645573988245,-0.2105773976974581,0.0,0.0,,
baseline_zero,y_XLP,24,33,0.008311445778685794,0.010170739276271878,-0.10207290433510785,0.0,0.0,,
baseline_zero,y_XLB,0,35,0.00721014307497107,0.009000432567997867,-0.06912247535926119,0.02857142857142857,0.02857142857142857,,
baseline_zero,y_XLB,1,35,0.006418716738179039,0.00789359803548335,-0.005389235441386475,0.0,0.0,,
baseline_zero,y_XLB,2,37,0.006967891965214097,0.008442468320421302,-0.0027236868068838405,0.0,0.0,,
baseline_zero,y_XLB,3,34,0.0065450081167234345,0.007731370913624452,-0.0543000473204982,0.0,0.0,,
baseline_zero,y_XLB,4,32,0.007971274321375673,0.009628940467826967,-0.15724214084189536,0.0,0.0,,
baseline_zero,y_XLB,5,28,0.0075538024599097475,0.009288902044033025,-0.01476257045148377,0.0,0.0,,
baseline_zero,y_XLB,6,29,0.0069537589632437296,0.008783305153292427,-0.014671400419805636,0.0,0.0,,
baseline_zero,y_XLB,7,30,0.006471757467791635,0.00793193371699508,-0.007256940973960235,0.0,0.0,,
baseline_zero,y_XLB,8,34,0.007121068875297487,0.009058088119132515,-0.009448221805577584,0.0,0.0,,
baseline_zero,y_XLB,9,35,0.014433658355799201,0.023437728956391575,-0.008195249638524249,0.0,0.0,,
baseline_zero,y_XLB,10,35,0.015041103323661001,0.023791469215295676,-7.690105463264985e-05,0.0,0.0,,
baseline_zero,y_XLB,11,35,0.014647314167582902,0.023467694024822516,-0.0001903757020773611,0.0,0.0,,
baseline_zero,y_XLB,12,34,0.007772018847715288,0.009489087076370212,-0.013442365855563576,0.0,0.0,,
baseline_zero,y_XLB,13,35,0.0069056751742305016,0.008299812896966479,-0.0011017622270046434,0.0,0.0,,
baseline_zero,y_XLB,14,34,0.008220193172131478,0.00974719395241821,-1.8232751308744355e-08,0.0,0.0,,
baseline_zero,y_XLB,15,34,0.0076750346511207474,0.009683025799529003,-0.007974173406305685,0.058823529411764705,0.058823529411764705,,
baseline_zero,y_XLB,16,33,0.007321441629698264,0.00968533088757266,-0.005235097745685868,0.09090909090909091,0.09090909090909091,,
baseline_zero,y_XLB,17,33,0.007020638739276386,0.009351804157523826,-0.002966813432957016,0.09090909090909091,0.09090909090909091,,
baseline_zero,y_XLB,18,34,0.007801664630650107,0.00976481807405916,-0.05562182837951912,0.029411764705882353,0.029411764705882353,,
baseline_zero,y_XLB,19,35,0.008510585273396432,0.010124788406652806,-0.02798814304944397,0.0,0.0,,
baseline_zero,y_XLB,20,34,0.008334066185794535,0.010207872913807748,-0.009907649018411124,0.0,0.0,,
baseline_zero,y_XLB,21,29,0.00753689363103876,0.0096417035471426,-0.07477194054966763,0.0,0.0,,
baseline_zero,y_XLB,22,27,0.008037487148203725,0.01034548059813493,-0.17287388653584035,0.0,0.0,,
baseline_zero,y_XLB,23,29,0.009731110021951588,0.012542448707368018,-0.07747891887684788,0.0,0.0,,
baseline_zero,y_XLB,24,33,0.010884111936643676,0.0135514920129533,-0.011155561129989833,0.0,0.0,,
baseline_zero,y_XLU,0,35,0.005389069001650168,0.007305603942350774,-0.10935425936653109,0.02857142857142857,0.02857142857142857,,
baseline_zero,y_XLU,1,35,0.00685835462202188,0.008760654658561146,-0.026591002181360235,0.02857142857142857,0.02857142857142857,,
baseline_zero,y_XLU,2,37,0.008730912780874974,0.01099305901867029,-0.004116918851654994,0.0,0.0,,
baseline_zero,y_XLU,3,34,0.008780633013287117,0.01092250782652676,-0.0005570687000553409,0.029411764705882353,0.029411764705882353,,
baseline_zero,y_XLU,4,32,0.008611555837999343,0.011158610075973852,-0.0013086722648762983,0.03125,0.03125,,
baseline_zero,y_XLU,5,28,0.0074963927463946355,0.010336642453522026,-0.045173133187639714,0.03571428571428571,0.03571428571428571,,
baseline_zero,y_XLU,6,29,0.0083178948698902,0.011092369548201964,-0.014144646567512353,0.0,0.0,,
baseline_zero,y_XLU,7,30,0.00784577255607289,0.010698127061459431,-0.0302754407316832,0.0,0.0,,
baseline_zero,y_XLU,8,34,0.008377599069252032,0.0108204763196021,-0.005815204663339735,0.0,0.0,,
baseline_zero,y_XLU,9,35,0.009893414039883835,0.014958223625790001,-0.005734277915258268,0.0,0.0,,
baseline_zero,y_XLU,10,35,0.010280641045273146,0.0152129349511993,-0.0001268813210031361,0.0,0.0,,
baseline_zero,y_XLU,11,35,0.010161333381431992,0.01512815840805798,-0.008621889844948827,0.0,0.0,,
baseline_zero,y_XLU,12,34,0.007978084987575133,0.010272702470762814,-0.03764492425485999,0.0,0.0,,
baseline_zero,y_XLU,13,35,0.008038795910725144,0.009851287577467921,-0.02170011857092269,0.0,0.0,,
baseline_zero,y_XLU,14,34,0.0069701584012886435,0.008349157313360642,-0.033194920478119894,0.0,0.0,,
baseline_zero,y_XLU,15,34,0.006114862793584021,0.007301569098558417,-0.024512226310454688,0.0,0.0,,
baseline_zero,y_XLU,16,33,0.0057727461164467295,0.007183309644712418,-0.024777174622277354,0.0,0.0,,
baseline_zero,y_XLU,17,33,0.005960415010419766,0.007503195800824483,-0.05113465504866288,0.0,0.0,,
baseline_zero,y_XLU,18,34,0.006966615568002743,0.00859513917900505,-0.02390957072766442,0.0,0.0,,
baseline_zero,y_XLU,19,35,0.006388540942639415,0.007988538252518454,-3.796019389823435e-05,0.0,0.0,,
baseline_zero,y_XLU,20,34,0.005878985385573674,0.007518101052651581,-0.04165784352584745,0.0,0.0,,
baseline_zero,y_XLU,21,29,0.005410855709966796,0.006797314500822993,-0.04847580856327305,0.0,0.0,,
baseline_zero,y_XLU,22,27,0.0067636422967848045,0.008316017544742,-0.00688387009839464,0.0,0.0,,
baseline_zero,y_XLU,23,29,0.00827611092721985,0.010535216505487131,-0.08373501969945774,0.034482758620689655,0.034482758620689655,,
baseline_zero,y_XLU,24,33,0.00841955875985131,0.010547280711791285,-0.10265243493067921,0.030303030303030304,0.030303030303030304,,
baseline_zero,y_XLRE,0,35,0.0056261139264643075,0.007616952723841072,-0.022968323213384156,0.05714285714285714,0.05714285714285714,,
baseline_zero,y_XLRE,1,35,0.0054271351462193305,0.0067530868732394375,-0.001374022618637838,0.05714285714285714,0.05714285714285714,,
baseline_zero,y_XLRE,2,37,0.007692953208419315,0.00944412936547978,-0.014710982005087692,0.02702702702702703,0.02702702702702703,,
baseline_zero,y_XLRE,3,34,0.007802342447368232,0.009559725411203914,-0.004072217153715307,0.0,0.0,,
baseline_zero,y_XLRE,4,32,0.009472005378515863,0.012481448892826506,-0.04295468337574282,0.0,0.0,,
baseline_zero,y_XLRE,5,28,0.00822636030775119,0.011546811233623479,-3.4464522967514455e-05,0.0,0.0,,
baseline_zero,y_XLRE,6,29,0.009506022479042772,0.012588653109112375,-0.002562483831615836,0.034482758620689655,0.034482758620689655,,
baseline_zero,y_XLRE,7,30,0.0076053338735663336,0.009175569204029354,-0.0642226222011908,0.03333333333333333,0.03333333333333333,,
baseline_zero,y_XLRE,8,34,0.008372283520192154,0.010332340384406426,-0.012974330990241922,0.029411764705882353,0.029411764705882353,,
baseline_zero,y_XLRE,9,35,0.01181125820524357,0.017114831993130217,-0.022929610868485772,0.0,0.0,,
baseline_zero,y_XLRE,10,35,0.011870314905217517,0.017466875225475256,-0.004354167872552495,0.0,0.0,,
baseline_zero,y_XLRE,11,35,0.011344191014372753,0.01711934202414471,-0.0009623640555003199,0.0,0.0,,
baseline_zero,y_XLRE,12,34,0.006661957707637004,0.009153274169111759,-0.025127162943194836,0.029411764705882353,0.029411764705882353,,
baseline_zero,y_XLRE,13,35,0.006064988252546475,0.008541803305636367,-5.164841283633592e-05,0.02857142857142857,0.02857142857142857,,
baseline_zero,y_XLRE,14,34,0.005548479286632402,0.0075821573660637374,-0.003679965477356051,0.058823529411764705,0.058823529411764705,,
baseline_zero,y_XLRE,15,34,0.006276023653428546,0.008391886560741172,-0.017672256641885875,0.029411764705882353,0.029411764705882353,,
baseline_zero,y_XLRE,16,33,0.006491170088706776,0.00837245942610439,-0.022659135013384013,0.030303030303030304,0.030303030303030304,,
baseline_zero,y_XLRE,17,33,0.005775546152919389,0.007298439646780592,-0.023415053481883996,0.030303030303030304,0.030303030303030304,,
baseline_zero,y_XLRE,18,34,0.0064517547378521774,0.008854405735186177,-0.001246803767585014,0.029411764705882353,0.029411764705882353,,
baseline_zero,y_XLRE,19,35,0.007003601881257631,0.00917083843912263,-0.006624320886426283,0.02857142857142857,0.02857142857142857,,
baseline_zero,y_XLRE,20,34,0.006435662230730169,0.008853573598053686,-0.0006744386862169716,0.0,0.0,,
baseline_zero,y_XLRE,21,29,0.005461012348932757,0.006634171733317179,-0.0007119721986637018,0.0,0.0,,
baseline_zero,y_XLRE,22,27,0.005727566700782601,0.006751457650311006,-0.025845239114086427,0.0,0.0,,
baseline_zero,y_XLRE,23,29,0.007613303811020319,0.00905059157805473,-0.09794228381753656,0.0,0.0,,
baseline_zero,y_XLRE,24,33,0.007578334888198409,0.0090118648303203,-0.052023569124428626,0.0,0.0,,
baseline_zero,y_XLC,0,35,0.006489840367511866,0.00847103079777638,-0.11152634447881904,0.05714285714285714,0.05714285714285714,,
baseline_zero,y_XLC,1,35,0.005279786345321133,0.007168860762647565,-0.04010608579885666,0.05714285714285714,0.05714285714285714,,
baseline_zero,y_XLC,2,37,0.006032551295045078,0.008095896092048954,-0.10446947546814855,0.05405405405405406,0.05405405405405406,,
baseline_zero,y_XLC,3,34,0.006053555194444569,0.007993253535047365,-0.09915236642084291,0.0,0.0,,
baseline_zero,y_XLC,4,32,0.008151143619975366,0.010559216860463749,-0.030497809446537127,0.0,0.0,,
baseline_zero,y_XLC,5,28,0.007630835438892171,0.00964286768384621,-0.006482188135342515,0.0,0.0,,
baseline_zero,y_XLC,6,29,0.007933367372729367,0.009787034568681264,-0.010207857560397215,0.0,0.0,,
baseline_zero,y_XLC,7,30,0.006744397777575676,0.008074153995659887,-0.01647489779197331,0.0,0.0,,
baseline_zero,y_XLC,8,34,0.008274402138681088,0.009932571785809743,-0.001711559517065142,0.0,0.0,,
baseline_zero,y_XLC,9,35,0.01505358184028891,0.023042610147828695,-0.01645625615337276,0.0,0.0,,
baseline_zero,y_XLC,10,35,0.01653586999023304,0.023988660956112604,-0.00033532124027813026,0.0,0.0,,
baseline_zero,y_XLC,11,35,0.014031151427799959,0.02296175799194915,-2.2647104442885535e-05,0.0,0.0,,
baseline_zero,y_XLC,12,34,0.007458869271629097,0.010015092102037092,-0.07286087530849295,0.0,0.0,,
baseline_zero,y_XLC,13,35,0.004899082758806296,0.005884408632347267,-0.001396826058772449,0.0,0.0,,
baseline_zero,y_XLC,14,34,0.006107881901432792,0.007338735495287924,-0.0009570498528268523,0.0,0.0,,
baseline_zero,y_XLC,15,34,0.00572402411489833,0.007226917877063403,-0.011217128144044963,0.0,0.0,,
baseline_zero,y_XLC,16,33,0.006309463708835332,0.007876168458824405,-0.07022437521543012,0.0,0.0,,
baseline_zero,y_XLC,17,33,0.0058151156072954145,0.007596459064932591,-0.0015605415600541406,0.0,0.0,,
baseline_zero,y_XLC,18,34,0.006288018475590283,0.007712461762305936,-0.013485700702572379,0.0,0.0,,
baseline_zero,y_XLC,19,35,0.007050667555011406,0.008388004691471695,-0.10932880706102166,0.0,0.0,,
baseline_zero,y_XLC,20,34,0.006488595297735476,0.007735401779955251,-0.00032040851439263385,0.0,0.0,,
baseline_zero,y_XLC,21,29,0.005893685295001836,0.007181516856689013,-0.005711115358020713,0.0,0.0,,
baseline_zero,y_XLC,22,27,0.004708406604619998,0.005835738021816276,-0.07057336480788057,0.0,0.0,,
baseline_zero,y_XLC,23,29,0.0063183877451453326,0.008466355921967478,-0.012735275257992562,0.0,0.0,,
baseline_zero,y_XLC,24,33,0.006608670351388285,0.008659158854856,-0.0009750076247596606,0.0,0.0,,
