target,fold_id,model,directional_accuracy
y_BTC-USD,0,ridge,0.5
y_BTC-USD,0,rf,0.5
y_BTC-USD,0,mlp,0.5
y_BTC-USD,0,baseline_last,0.45
y_BTC-USD,0,knn,0.4333333333333333
y_BTC-USD,0,baseline_zero,0.0
y_BTC-USD,1,rf,0.5666666666666667
y_BTC-USD,1,baseline_last,0.5
y_BTC-USD,1,mlp,0.5
y_BTC-USD,1,ridge,0.4833333333333333
y_BTC-USD,1,knn,0.4666666666666667
y_BTC-USD,1,baseline_zero,0.0
y_BTC-USD,2,baseline_last,0.55
y_BTC-USD,2,ridge,0.5166666666666667
y_BTC-USD,2,rf,0.5166666666666667
y_BTC-USD,2,mlp,0.4833333333333333
y_BTC-USD,2,knn,0.4333333333333333
y_BTC-USD,2,baseline_zero,0.0
y_BTC-USD,3,rf,0.6333333333333333
y_BTC-USD,3,ridge,0.5166666666666667
y_BTC-USD,3,mlp,0.5166666666666667
y_BTC-USD,3,baseline_last,0.5
y_BTC-USD,3,knn,0.4833333333333333
y_BTC-USD,3,baseline_zero,0.0
y_BTC-USD,4,mlp,0.55
y_BTC-USD,4,ridge,0.5333333333333333
y_BTC-USD,4,rf,0.5333333333333333
y_BTC-USD,4,knn,0.5
y_BTC-USD,4,baseline_last,0.4833333333333333
y_BTC-USD,4,baseline_zero,0.0
y_BTC-USD,5,rf,0.55
y_BTC-USD,5,baseline_last,0.45
y_BTC-USD,5,ridge,0.4166666666666667
y_BTC-USD,5,knn,0.4
y_BTC-USD,5,mlp,0.4
y_BTC-USD,5,baseline_zero,0.0
y_BTC-USD,6,mlp,0.5833333333333334
y_BTC-USD,6,baseline_last,0.5
y_BTC-USD,6,knn,0.5
y_BTC-USD,6,ridge,0.4833333333333333
y_BTC-USD,6,rf,0.45
y_BTC-USD,6,baseline_zero,0.0
y_BTC-USD,7,knn,0.5666666666666667
y_BTC-USD,7,baseline_last,0.5166666666666667
y_BTC-USD,7,ridge,0.5
y_BTC-USD,7,rf,0.5
y_BTC-USD,7,mlp,0.4666666666666667
y_BTC-USD,7,baseline_zero,0.0
y_BTC-USD,8,knn,0.55
y_BTC-USD,8,baseline_last,0.5166666666666667
y_BTC-USD,8,ridge,0.5
y_BTC-USD,8,rf,0.4666666666666667
y_BTC-USD,8,mlp,0.4333333333333333
y_BTC-USD,8,baseline_zero,0.0
y_BTC-USD,9,knn,0.55
y_BTC-USD,9,rf,0.4833333333333333
y_BTC-USD,9,mlp,0.4833333333333333
y_BTC-USD,9,baseline_last,0.4333333333333333
y_BTC-USD,9,ridge,0.4166666666666667
y_BTC-USD,9,baseline_zero,0.0
y_BTC-USD,10,mlp,0.5166666666666667
y_BTC-USD,10,knn,0.4666666666666667
y_BTC-USD,10,baseline_last,0.45
y_BTC-USD,10,rf,0.3666666666666666
y_BTC-USD,10,ridge,0.3333333333333333
y_BTC-USD,10,baseline_zero,0.0
y_BTC-USD,11,knn,0.4666666666666667
y_BTC-USD,11,rf,0.45
y_BTC-USD,11,baseline_last,0.4166666666666667
y_BTC-USD,11,ridge,0.3833333333333333
y_BTC-USD,11,mlp,0.35
y_BTC-USD,11,baseline_zero,0.0
y_BTC-USD,12,baseline_last,0.5
y_BTC-USD,12,mlp,0.5
y_BTC-USD,12,knn,0.4833333333333333
y_BTC-USD,12,ridge,0.4333333333333333
y_BTC-USD,12,rf,0.3333333333333333
y_BTC-USD,12,baseline_zero,0.0
y_BTC-USD,13,baseline_last,0.5333333333333333
y_BTC-USD,13,ridge,0.4833333333333333
y_BTC-USD,13,rf,0.4666666666666667
y_BTC-USD,13,knn,0.45
y_BTC-USD,13,mlp,0.45
y_BTC-USD,13,baseline_zero,0.0
y_BTC-USD,14,baseline_last,0.5666666666666667
y_BTC-USD,14,ridge,0.5
y_BTC-USD,14,rf,0.45
y_BTC-USD,14,knn,0.4333333333333333
y_BTC-USD,14,mlp,0.4166666666666667
y_BTC-USD,14,baseline_zero,0.0
y_BTC-USD,15,baseline_last,0.4666666666666667
y_BTC-USD,15,ridge,0.4666666666666667
y_BTC-USD,15,knn,0.4333333333333333
y_BTC-USD,15,rf,0.4333333333333333
y_BTC-USD,15,mlp,0.3833333333333333
y_BTC-USD,15,baseline_zero,0.0
y_BTC-USD,16,mlp,0.5333333333333333
y_BTC-USD,16,rf,0.5
y_BTC-USD,16,knn,0.4833333333333333
y_BTC-USD,16,baseline_last,0.4333333333333333
y_BTC-USD,16,ridge,0.4333333333333333
y_BTC-USD,16,baseline_zero,0.0
y_BTC-USD,17,knn,0.55
y_BTC-USD,17,rf,0.4666666666666667
y_BTC-USD,17,mlp,0.4333333333333333
y_BTC-USD,17,baseline_last,0.4
y_BTC-USD,17,ridge,0.3833333333333333
y_BTC-USD,17,baseline_zero,0.0
y_BTC-USD,18,knn,0.6
y_BTC-USD,18,baseline_last,0.5333333333333333
y_BTC-USD,18,ridge,0.5
y_BTC-USD,18,rf,0.4666666666666667
y_BTC-USD,18,mlp,0.3833333333333333
y_BTC-USD,18,baseline_zero,0.0
y_BTC-USD,19,baseline_last,0.5333333333333333
y_BTC-USD,19,knn,0.5166666666666667
y_BTC-USD,19,ridge,0.5166666666666667
y_BTC-USD,19,mlp,0.5166666666666667
y_BTC-USD,19,rf,0.3666666666666666
y_BTC-USD,19,baseline_zero,0.0
y_BTC-USD,20,mlp,0.5666666666666667
y_BTC-USD,20,baseline_last,0.5333333333333333
y_BTC-USD,20,knn,0.5
y_BTC-USD,20,ridge,0.5
y_BTC-USD,20,rf,0.45
y_BTC-USD,20,baseline_zero,0.0
y_BTC-USD,21,rf,0.5833333333333334
y_BTC-USD,21,knn,0.5166666666666667
y_BTC-USD,21,ridge,0.5166666666666667
y_BTC-USD,21,mlp,0.5166666666666667
y_BTC-USD,21,baseline_last,0.4333333333333333
y_BTC-USD,21,baseline_zero,0.0
y_BTC-USD,22,knn,0.5833333333333334
y_BTC-USD,22,baseline_last,0.5166666666666667
y_BTC-USD,22,rf,0.5166666666666667
y_BTC-USD,22,ridge,0.45
y_BTC-USD,22,mlp,0.4
y_BTC-USD,22,baseline_zero,0.0
y_BTC-USD,23,rf,0.5666666666666667
y_BTC-USD,23,baseline_last,0.55
y_BTC-USD,23,knn,0.5166666666666667
y_BTC-USD,23,mlp,0.5
y_BTC-USD,23,ridge,0.4666666666666667
y_BTC-USD,23,baseline_zero,0.0
y_BTC-USD,24,baseline_last,0.5666666666666667
y_BTC-USD,24,mlp,0.5
y_BTC-USD,24,knn,0.4833333333333333
y_BTC-USD,24,ridge,0.45
y_BTC-USD,24,rf,0.45
y_BTC-USD,24,baseline_zero,0.0
y_GLD,0,mlp,0.5142857142857142
y_GLD,0,rf,0.4857142857142857
y_GLD,0,ridge,0.4571428571428571
y_GLD,0,knn,0.4285714285714285
y_GLD,0,baseline_last,0.3142857142857143
y_GLD,0,baseline_zero,0.0
y_GLD,1,rf,0.6285714285714286
y_GLD,1,ridge,0.4857142857142857
y_GLD,1,mlp,0.4571428571428571
y_GLD,1,knn,0.3714285714285714
y_GLD,1,baseline_last,0.3428571428571428
y_GLD,1,baseline_zero,0.0
y_GLD,2,rf,0.4864864864864865
y_GLD,2,mlp,0.4594594594594595
y_GLD,2,baseline_last,0.4324324324324324
y_GLD,2,knn,0.4054054054054054
y_GLD,2,ridge,0.3783783783783784
y_GLD,2,baseline_zero,0.0
y_GLD,3,baseline_last,0.4705882352941176
y_GLD,3,rf,0.4705882352941176
y_GLD,3,knn,0.4411764705882353
y_GLD,3,mlp,0.4411764705882353
y_GLD,3,ridge,0.3823529411764705
y_GLD,3,baseline_zero,0.0
y_GLD,4,knn,0.46875
y_GLD,4,rf,0.46875
y_GLD,4,mlp,0.46875
y_GLD,4,baseline_last,0.4375
y_GLD,4,ridge,0.4375
y_GLD,4,baseline_zero,0.0
y_GLD,5,rf,0.5714285714285714
y_GLD,5,ridge,0.5
y_GLD,5,baseline_last,0.4285714285714285
y_GLD,5,knn,0.4285714285714285
y_GLD,5,mlp,0.4285714285714285
y_GLD,5,baseline_zero,0.0
y_GLD,6,rf,0.5862068965517241
y_GLD,6,ridge,0.5517241379310345
y_GLD,6,knn,0.4827586206896552
y_GLD,6,baseline_last,0.3103448275862069
y_GLD,6,mlp,0.2758620689655172
y_GLD,6,baseline_zero,0.0
y_GLD,7,ridge,0.4666666666666667
y_GLD,7,knn,0.4333333333333333
y_GLD,7,rf,0.4333333333333333
y_GLD,7,mlp,0.4
y_GLD,7,baseline_last,0.2666666666666666
y_GLD,7,baseline_zero,0.0
y_GLD,8,mlp,0.5882352941176471
y_GLD,8,rf,0.5294117647058824
y_GLD,8,ridge,0.4117647058823529
y_GLD,8,knn,0.3823529411764705
y_GLD,8,baseline_last,0.3235294117647059
y_GLD,8,baseline_zero,0.0
y_GLD,9,mlp,0.6
y_GLD,9,rf,0.4857142857142857
y_GLD,9,baseline_last,0.4
y_GLD,9,ridge,0.4
y_GLD,9,knn,0.3428571428571428
y_GLD,9,baseline_zero,0.0
y_GLD,10,mlp,0.6285714285714286
y_GLD,10,ridge,0.4857142857142857
y_GLD,10,rf,0.4571428571428571
y_GLD,10,baseline_last,0.4285714285714285
y_GLD,10,knn,0.4285714285714285
y_GLD,10,baseline_zero,0.0
y_GLD,11,mlp,0.6857142857142857
y_GLD,11,ridge,0.6571428571428571
y_GLD,11,knn,0.4285714285714285
y_GLD,11,rf,0.4285714285714285
y_GLD,11,baseline_last,0.3142857142857143
y_GLD,11,baseline_zero,0.0
y_GLD,12,ridge,0.6176470588235294
y_GLD,12,rf,0.4705882352941176
y_GLD,12,knn,0.4411764705882353
y_GLD,12,mlp,0.3823529411764705
y_GLD,12,baseline_last,0.2941176470588235
y_GLD,12,baseline_zero,0.0
y_GLD,13,ridge,0.6
y_GLD,13,mlp,0.5428571428571428
y_GLD,13,knn,0.4857142857142857
y_GLD,13,rf,0.4857142857142857
y_GLD,13,baseline_last,0.2571428571428571
y_GLD,13,baseline_zero,0.0
y_GLD,14,rf,0.5588235294117647
y_GLD,14,mlp,0.5294117647058824
y_GLD,14,knn,0.4705882352941176
y_GLD,14,ridge,0.4411764705882353
y_GLD,14,baseline_last,0.2647058823529412
y_GLD,14,baseline_zero,0.0
y_GLD,15,rf,0.5588235294117647
y_GLD,15,knn,0.5294117647058824
y_GLD,15,mlp,0.5294117647058824
y_GLD,15,ridge,0.5
y_GLD,15,baseline_last,0.2352941176470588
y_GLD,15,baseline_zero,0.0
y_GLD,16,mlp,0.5454545454545454
y_GLD,16,knn,0.4848484848484848
y_GLD,16,rf,0.4848484848484848
y_GLD,16,ridge,0.3939393939393939
y_GLD,16,baseline_last,0.1818181818181818
y_GLD,16,baseline_zero,0.0
y_GLD,17,rf,0.5757575757575758
y_GLD,17,knn,0.5454545454545454
y_GLD,17,mlp,0.5151515151515151
y_GLD,17,ridge,0.4242424242424242
y_GLD,17,baseline_last,0.2121212121212121
y_GLD,17,baseline_zero,0.0
y_GLD,18,knn,0.6176470588235294
y_GLD,18,rf,0.5
y_GLD,18,mlp,0.4705882352941176
y_GLD,18,ridge,0.3823529411764705
y_GLD,18,baseline_last,0.2352941176470588
y_GLD,18,baseline_zero,0.0
y_GLD,19,mlp,0.6285714285714286
y_GLD,19,rf,0.4571428571428571
y_GLD,19,knn,0.4
y_GLD,19,ridge,0.3714285714285714
y_GLD,19,baseline_last,0.3142857142857143
y_GLD,19,baseline_zero,0.0
y_GLD,20,rf,0.5588235294117647
y_GLD,20,mlp,0.4705882352941176
y_GLD,20,knn,0.4117647058823529
y_GLD,20,ridge,0.4117647058823529
y_GLD,20,baseline_last,0.3529411764705882
y_GLD,20,baseline_zero,0.0
y_GLD,21,rf,0.4482758620689655
y_GLD,21,mlp,0.4482758620689655
y_GLD,21,knn,0.3448275862068966
y_GLD,21,baseline_last,0.3103448275862069
y_GLD,21,ridge,0.3103448275862069
y_GLD,21,baseline_zero,0.0
y_GLD,22,mlp,0.5185185185185185
y_GLD,22,rf,0.4444444444444444
y_GLD,22,knn,0.3703703703703703
y_GLD,22,ridge,0.3333333333333333
y_GLD,22,baseline_last,0.2962962962962963
y_GLD,22,baseline_zero,0.0
y_GLD,23,rf,0.5862068965517241
y_GLD,23,mlp,0.5172413793103449
y_GLD,23,ridge,0.4137931034482758
y_GLD,23,knn,0.3103448275862069
y_GLD,23,baseline_last,0.2413793103448276
y_GLD,23,baseline_zero,0.0
y_GLD,24,rf,0.5757575757575758
y_GLD,24,mlp,0.5454545454545454
y_GLD,24,knn,0.4545454545454545
y_GLD,24,ridge,0.4242424242424242
y_GLD,24,baseline_last,0.303030303030303
y_GLD,24,baseline_zero,0.0
y_TLT,0,rf,0.5714285714285714
y_TLT,0,knn,0.5142857142857142
y_TLT,0,baseline_last,0.4571428571428571
y_TLT,0,ridge,0.4571428571428571
y_TLT,0,mlp,0.2857142857142857
y_TLT,0,baseline_zero,0.0
y_TLT,1,rf,0.6
y_TLT,1,knn,0.5428571428571428
y_TLT,1,ridge,0.4857142857142857
y_TLT,1,mlp,0.4571428571428571
y_TLT,1,baseline_last,0.4285714285714285
y_TLT,1,baseline_zero,0.0
y_TLT,2,mlp,0.6756756756756757
y_TLT,2,rf,0.5405405405405406
y_TLT,2,knn,0.4054054054054054
y_TLT,2,baseline_last,0.3783783783783784
y_TLT,2,ridge,0.3783783783783784
y_TLT,2,baseline_zero,0.0
y_TLT,3,rf,0.5294117647058824
y_TLT,3,mlp,0.5
y_TLT,3,ridge,0.3823529411764705
y_TLT,3,baseline_last,0.2941176470588235
y_TLT,3,knn,0.2941176470588235
y_TLT,3,baseline_zero,0.0
y_TLT,4,rf,0.5
y_TLT,4,mlp,0.5
y_TLT,4,knn,0.4375
y_TLT,4,ridge,0.40625
y_TLT,4,baseline_last,0.34375
y_TLT,4,baseline_zero,0.0
y_TLT,5,rf,0.6428571428571429
y_TLT,5,mlp,0.5714285714285714
y_TLT,5,knn,0.5
y_TLT,5,baseline_last,0.3214285714285714
y_TLT,5,ridge,0.3214285714285714
y_TLT,5,baseline_zero,0.0
y_TLT,6,rf,0.5862068965517241
y_TLT,6,knn,0.5517241379310345
y_TLT,6,mlp,0.5517241379310345
y_TLT,6,ridge,0.4137931034482758
y_TLT,6,baseline_last,0.3448275862068966
y_TLT,6,baseline_zero,0.0
y_TLT,7,rf,0.5666666666666667
y_TLT,7,mlp,0.5666666666666667
y_TLT,7,ridge,0.5
y_TLT,7,knn,0.4666666666666667
y_TLT,7,baseline_last,0.3666666666666666
y_TLT,7,baseline_zero,0.0
y_TLT,8,mlp,0.6470588235294118
y_TLT,8,knn,0.5
y_TLT,8,ridge,0.5
y_TLT,8,rf,0.5
y_TLT,8,baseline_last,0.4411764705882353
y_TLT,8,baseline_zero,0.0
y_TLT,9,knn,0.5428571428571428
y_TLT,9,ridge,0.5142857142857142
y_TLT,9,mlp,0.5142857142857142
y_TLT,9,baseline_last,0.4
y_TLT,9,rf,0.3428571428571428
y_TLT,9,baseline_zero,0.0
y_TLT,10,rf,0.6
y_TLT,10,knn,0.5714285714285714
y_TLT,10,mlp,0.5714285714285714
y_TLT,10,baseline_last,0.4285714285714285
y_TLT,10,ridge,0.4285714285714285
y_TLT,10,baseline_zero,0.0
y_TLT,11,ridge,0.6857142857142857
y_TLT,11,rf,0.6571428571428571
y_TLT,11,knn,0.5428571428571428
y_TLT,11,mlp,0.4857142857142857
y_TLT,11,baseline_last,0.4
y_TLT,11,baseline_zero,0.0
y_TLT,12,mlp,0.7352941176470589
y_TLT,12,ridge,0.7058823529411765
y_TLT,12,rf,0.5588235294117647
y_TLT,12,knn,0.4705882352941176
y_TLT,12,baseline_last,0.4411764705882353
y_TLT,12,baseline_zero,0.0
y_TLT,13,rf,0.6571428571428571
y_TLT,13,ridge,0.6
y_TLT,13,knn,0.5428571428571428
y_TLT,13,mlp,0.5142857142857142
y_TLT,13,baseline_last,0.3142857142857143
y_TLT,13,baseline_zero,0.0
y_TLT,14,ridge,0.5294117647058824
y_TLT,14,knn,0.5
y_TLT,14,rf,0.5
y_TLT,14,mlp,0.4411764705882353
y_TLT,14,baseline_last,0.2647058823529412
y_TLT,14,baseline_zero,0.0
y_TLT,15,mlp,0.6470588235294118
y_TLT,15,knn,0.5588235294117647
y_TLT,15,ridge,0.5588235294117647
y_TLT,15,rf,0.5
y_TLT,15,baseline_last,0.2352941176470588
y_TLT,15,baseline_zero,0.0
y_TLT,16,rf,0.6060606060606061
y_TLT,16,knn,0.5454545454545454
y_TLT,16,ridge,0.5454545454545454
y_TLT,16,mlp,0.4545454545454545
y_TLT,16,baseline_last,0.3333333333333333
y_TLT,16,baseline_zero,0.0
y_TLT,17,knn,0.5151515151515151
y_TLT,17,rf,0.4242424242424242
y_TLT,17,ridge,0.3939393939393939
y_TLT,17,mlp,0.3333333333333333
y_TLT,17,baseline_last,0.303030303030303
y_TLT,17,baseline_zero,0.0303030303030303
y_TLT,18,rf,0.4705882352941176
y_TLT,18,mlp,0.4705882352941176
y_TLT,18,knn,0.4117647058823529
y_TLT,18,ridge,0.3823529411764705
y_TLT,18,baseline_last,0.2941176470588235
y_TLT,18,baseline_zero,0.0294117647058823
y_TLT,19,mlp,0.5428571428571428
y_TLT,19,rf,0.5142857142857142
y_TLT,19,knn,0.4
y_TLT,19,ridge,0.3428571428571428
y_TLT,19,baseline_last,0.2571428571428571
y_TLT,19,baseline_zero,0.0285714285714285
y_TLT,20,rf,0.5882352941176471
y_TLT,20,knn,0.5
y_TLT,20,mlp,0.4705882352941176
y_TLT,20,ridge,0.3823529411764705
y_TLT,20,baseline_last,0.3529411764705882
y_TLT,20,baseline_zero,0.0
y_TLT,21,mlp,0.5517241379310345
y_TLT,21,rf,0.5172413793103449
y_TLT,21,knn,0.4827586206896552
y_TLT,21,ridge,0.4482758620689655
y_TLT,21,baseline_last,0.3448275862068966
y_TLT,21,baseline_zero,0.0
y_TLT,22,rf,0.5555555555555556
y_TLT,22,knn,0.4814814814814814
y_TLT,22,ridge,0.4814814814814814
y_TLT,22,mlp,0.4814814814814814
y_TLT,22,baseline_last,0.3333333333333333
y_TLT,22,baseline_zero,0.0
y_TLT,23,rf,0.5172413793103449
y_TLT,23,ridge,0.4827586206896552
y_TLT,23,mlp,0.4137931034482758
y_TLT,23,knn,0.3793103448275862
y_TLT,23,baseline_last,0.2413793103448276
y_TLT,23,baseline_zero,0.0
y_TLT,24,rf,0.5151515151515151
y_TLT,24,mlp,0.5151515151515151
y_TLT,24,knn,0.4242424242424242
y_TLT,24,ridge,0.4242424242424242
y_TLT,24,baseline_last,0.3636363636363636
y_TLT,24,baseline_zero,0.0
y_UUP,0,mlp,0.7428571428571429
y_UUP,0,knn,0.6
y_UUP,0,rf,0.5714285714285714
y_UUP,0,ridge,0.4857142857142857
y_UUP,0,baseline_last,0.4
y_UUP,0,baseline_zero,0.0
y_UUP,1,knn,0.6285714285714286
y_UUP,1,ridge,0.5142857142857142
y_UUP,1,rf,0.4571428571428571
y_UUP,1,baseline_last,0.4
y_UUP,1,mlp,0.3428571428571428
y_UUP,1,baseline_zero,0.0285714285714285
y_UUP,2,knn,0.5675675675675675
y_UUP,2,ridge,0.4864864864864865
y_UUP,2,mlp,0.4864864864864865
y_UUP,2,rf,0.4594594594594595
y_UUP,2,baseline_last,0.3513513513513513
y_UUP,2,baseline_zero,0.027027027027027
y_UUP,3,knn,0.5
y_UUP,3,ridge,0.4411764705882353
y_UUP,3,rf,0.3823529411764705
y_UUP,3,mlp,0.3529411764705882
y_UUP,3,baseline_last,0.3235294117647059
y_UUP,3,baseline_zero,0.0294117647058823
y_UUP,4,rf,0.59375
y_UUP,4,knn,0.53125
y_UUP,4,mlp,0.5
y_UUP,4,ridge,0.4375
y_UUP,4,baseline_last,0.375
y_UUP,4,baseline_zero,0.0
y_UUP,5,rf,0.6071428571428571
y_UUP,5,knn,0.5
y_UUP,5,ridge,0.4642857142857143
y_UUP,5,mlp,0.4285714285714285
y_UUP,5,baseline_last,0.3928571428571428
y_UUP,5,baseline_zero,0.0357142857142857
y_UUP,6,rf,0.7241379310344828
y_UUP,6,mlp,0.6206896551724138
y_UUP,6,knn,0.5172413793103449
y_UUP,6,baseline_last,0.3793103448275862
y_UUP,6,ridge,0.3793103448275862
y_UUP,6,baseline_zero,0.0689655172413793
y_UUP,7,rf,0.6333333333333333
y_UUP,7,knn,0.5
y_UUP,7,ridge,0.4666666666666667
y_UUP,7,mlp,0.3666666666666666
y_UUP,7,baseline_last,0.3
y_UUP,7,baseline_zero,0.0666666666666666
y_UUP,8,mlp,0.5882352941176471
y_UUP,8,rf,0.5
y_UUP,8,knn,0.4411764705882353
y_UUP,8,baseline_last,0.3823529411764705
y_UUP,8,ridge,0.3823529411764705
y_UUP,8,baseline_zero,0.0294117647058823
y_UUP,9,rf,0.5714285714285714
y_UUP,9,ridge,0.5428571428571428
y_UUP,9,knn,0.5142857142857142
y_UUP,9,mlp,0.4571428571428571
y_UUP,9,baseline_last,0.3428571428571428
y_UUP,9,baseline_zero,0.0
y_UUP,10,ridge,0.6285714285714286
y_UUP,10,knn,0.5714285714285714
y_UUP,10,rf,0.5142857142857142
y_UUP,10,mlp,0.4
y_UUP,10,baseline_last,0.3428571428571428
y_UUP,10,baseline_zero,0.0
y_UUP,11,rf,0.6571428571428571
y_UUP,11,ridge,0.5714285714285714
y_UUP,11,knn,0.5142857142857142
y_UUP,11,mlp,0.4857142857142857
y_UUP,11,baseline_last,0.2285714285714285
y_UUP,11,baseline_zero,0.0
y_UUP,12,knn,0.5882352941176471
y_UUP,12,mlp,0.5294117647058824
y_UUP,12,ridge,0.5
y_UUP,12,rf,0.5
y_UUP,12,baseline_last,0.2352941176470588
y_UUP,12,baseline_zero,0.0
y_UUP,13,knn,0.5428571428571428
y_UUP,13,ridge,0.5428571428571428
y_UUP,13,rf,0.5428571428571428
y_UUP,13,mlp,0.5142857142857142
y_UUP,13,baseline_last,0.2
y_UUP,13,baseline_zero,0.0285714285714285
y_UUP,14,rf,0.5882352941176471
y_UUP,14,knn,0.5294117647058824
y_UUP,14,ridge,0.4411764705882353
y_UUP,14,mlp,0.4411764705882353
y_UUP,14,baseline_last,0.3235294117647059
y_UUP,14,baseline_zero,0.0588235294117647
y_UUP,15,rf,0.5882352941176471
y_UUP,15,mlp,0.5294117647058824
y_UUP,15,ridge,0.5
y_UUP,15,knn,0.3823529411764705
y_UUP,15,baseline_last,0.2647058823529412
y_UUP,15,baseline_zero,0.0588235294117647
y_UUP,16,knn,0.5151515151515151
y_UUP,16,rf,0.4848484848484848
y_UUP,16,ridge,0.4545454545454545
y_UUP,16,mlp,0.4545454545454545
y_UUP,16,baseline_last,0.303030303030303
y_UUP,16,baseline_zero,0.0303030303030303
y_UUP,17,mlp,0.6060606060606061
y_UUP,17,knn,0.5151515151515151
y_UUP,17,rf,0.4848484848484848
y_UUP,17,ridge,0.3939393939393939
y_UUP,17,baseline_last,0.2424242424242424
y_UUP,17,baseline_zero,0.0
y_UUP,18,rf,0.4705882352941176
y_UUP,18,knn,0.4411764705882353
y_UUP,18,mlp,0.4411764705882353
y_UUP,18,baseline_last,0.3235294117647059
y_UUP,18,ridge,0.3235294117647059
y_UUP,18,baseline_zero,0.0294117647058823
y_UUP,19,rf,0.5714285714285714
y_UUP,19,knn,0.4857142857142857
y_UUP,19,mlp,0.4857142857142857
y_UUP,19,baseline_last,0.3428571428571428
y_UUP,19,ridge,0.2857142857142857
y_UUP,19,baseline_zero,0.0285714285714285
y_UUP,20,rf,0.5294117647058824
y_UUP,20,mlp,0.4411764705882353
y_UUP,20,knn,0.4117647058823529
y_UUP,20,ridge,0.3529411764705882
y_UUP,20,baseline_last,0.3235294117647059
y_UUP,20,baseline_zero,0.0294117647058823
y_UUP,21,mlp,0.5172413793103449
y_UUP,21,knn,0.4137931034482758
y_UUP,21,ridge,0.4137931034482758
y_UUP,21,rf,0.3448275862068966
y_UUP,21,baseline_last,0.3103448275862069
y_UUP,21,baseline_zero,0.0
y_UUP,22,mlp,0.4814814814814814
y_UUP,22,knn,0.3703703703703703
y_UUP,22,ridge,0.3703703703703703
y_UUP,22,baseline_last,0.3333333333333333
y_UUP,22,rf,0.3333333333333333
y_UUP,22,baseline_zero,0.037037037037037
y_UUP,23,mlp,0.5862068965517241
y_UUP,23,knn,0.4827586206896552
y_UUP,23,ridge,0.4137931034482758
y_UUP,23,rf,0.3448275862068966
y_UUP,23,baseline_last,0.2758620689655172
y_UUP,23,baseline_zero,0.0689655172413793
y_UUP,24,knn,0.5757575757575758
y_UUP,24,mlp,0.5757575757575758
y_UUP,24,ridge,0.4545454545454545
y_UUP,24,rf,0.3939393939393939
y_UUP,24,baseline_last,0.2121212121212121
y_UUP,24,baseline_zero,0.0606060606060606
y_XLB,0,mlp,0.5714285714285714
y_XLB,0,ridge,0.5428571428571428
y_XLB,0,rf,0.4285714285714285
y_XLB,0,knn,0.4
y_XLB,0,baseline_last,0.2571428571428571
y_XLB,0,baseline_zero,0.0285714285714285
y_XLB,1,mlp,0.6
y_XLB,1,knn,0.4857142857142857
y_XLB,1,ridge,0.4857142857142857
y_XLB,1,rf,0.4857142857142857
y_XLB,1,baseline_last,0.4285714285714285
y_XLB,1,baseline_zero,0.0
y_XLB,2,mlp,0.5405405405405406
y_XLB,2,ridge,0.4594594594594595
y_XLB,2,rf,0.4594594594594595
y_XLB,2,knn,0.4054054054054054
y_XLB,2,baseline_last,0.3783783783783784
y_XLB,2,baseline_zero,0.0
y_XLB,3,baseline_last,0.5
y_XLB,3,knn,0.5
y_XLB,3,ridge,0.4705882352941176
y_XLB,3,mlp,0.4705882352941176
y_XLB,3,rf,0.4117647058823529
y_XLB,3,baseline_zero,0.0
y_XLB,4,knn,0.53125
y_XLB,4,ridge,0.5
y_XLB,4,mlp,0.5
y_XLB,4,baseline_last,0.46875
y_XLB,4,rf,0.375
y_XLB,4,baseline_zero,0.0
y_XLB,5,mlp,0.6071428571428571
y_XLB,5,knn,0.5714285714285714
y_XLB,5,baseline_last,0.5
y_XLB,5,ridge,0.4642857142857143
y_XLB,5,rf,0.3928571428571428
y_XLB,5,baseline_zero,0.0
y_XLB,6,mlp,0.6206896551724138
y_XLB,6,knn,0.5862068965517241
y_XLB,6,ridge,0.5172413793103449
y_XLB,6,rf,0.4827586206896552
y_XLB,6,baseline_last,0.3103448275862069
y_XLB,6,baseline_zero,0.0
y_XLB,7,ridge,0.5666666666666667
y_XLB,7,knn,0.5333333333333333
y_XLB,7,rf,0.5
y_XLB,7,mlp,0.3666666666666666
y_XLB,7,baseline_last,0.2333333333333333
y_XLB,7,baseline_zero,0.0
y_XLB,8,knn,0.6764705882352942
y_XLB,8,ridge,0.5294117647058824
y_XLB,8,rf,0.5
y_XLB,8,mlp,0.4705882352941176
y_XLB,8,baseline_last,0.2058823529411764
y_XLB,8,baseline_zero,0.0
y_XLB,9,knn,0.6571428571428571
y_XLB,9,rf,0.5714285714285714
y_XLB,9,mlp,0.5428571428571428
y_XLB,9,ridge,0.4
y_XLB,9,baseline_last,0.2571428571428571
y_XLB,9,baseline_zero,0.0
y_XLB,10,knn,0.6857142857142857
y_XLB,10,mlp,0.4
y_XLB,10,rf,0.3714285714285714
y_XLB,10,baseline_last,0.2857142857142857
y_XLB,10,ridge,0.2857142857142857
y_XLB,10,baseline_zero,0.0
y_XLB,11,knn,0.5714285714285714
y_XLB,11,rf,0.4285714285714285
y_XLB,11,baseline_last,0.4
y_XLB,11,mlp,0.4
y_XLB,11,ridge,0.1714285714285714
y_XLB,11,baseline_zero,0.0
y_XLB,12,baseline_last,0.3823529411764705
y_XLB,12,knn,0.3823529411764705
y_XLB,12,rf,0.3529411764705882
y_XLB,12,mlp,0.3529411764705882
y_XLB,12,ridge,0.2352941176470588
y_XLB,12,baseline_zero,0.0
y_XLB,13,mlp,0.4285714285714285
y_XLB,13,baseline_last,0.4
y_XLB,13,ridge,0.4
y_XLB,13,rf,0.4
y_XLB,13,knn,0.3714285714285714
y_XLB,13,baseline_zero,0.0
y_XLB,14,ridge,0.5588235294117647
y_XLB,14,mlp,0.4411764705882353
y_XLB,14,rf,0.4117647058823529
y_XLB,14,knn,0.3823529411764705
y_XLB,14,baseline_last,0.3529411764705882
y_XLB,14,baseline_zero,0.0
y_XLB,15,ridge,0.6176470588235294
y_XLB,15,mlp,0.5294117647058824
y_XLB,15,knn,0.4411764705882353
y_XLB,15,baseline_last,0.4117647058823529
y_XLB,15,rf,0.3529411764705882
y_XLB,15,baseline_zero,0.0588235294117647
y_XLB,16,knn,0.5757575757575758
y_XLB,16,ridge,0.5757575757575758
y_XLB,16,baseline_last,0.3333333333333333
y_XLB,16,rf,0.3333333333333333
y_XLB,16,mlp,0.3333333333333333
y_XLB,16,baseline_zero,0.0909090909090909
y_XLB,17,ridge,0.4848484848484848
y_XLB,17,mlp,0.4848484848484848
y_XLB,17,knn,0.3939393939393939
y_XLB,17,rf,0.3333333333333333
y_XLB,17,baseline_last,0.303030303030303
y_XLB,17,baseline_zero,0.0909090909090909
y_XLB,18,knn,0.5
y_XLB,18,ridge,0.4411764705882353
y_XLB,18,rf,0.3823529411764705
y_XLB,18,mlp,0.3823529411764705
y_XLB,18,baseline_last,0.3235294117647059
y_XLB,18,baseline_zero,0.0294117647058823
y_XLB,19,mlp,0.4571428571428571
y_XLB,19,knn,0.4
y_XLB,19,rf,0.3714285714285714
y_XLB,19,baseline_last,0.3428571428571428
y_XLB,19,ridge,0.3428571428571428
y_XLB,19,baseline_zero,0.0
y_XLB,20,mlp,0.6470588235294118
y_XLB,20,knn,0.4705882352941176
y_XLB,20,baseline_last,0.3529411764705882
y_XLB,20,ridge,0.3529411764705882
y_XLB,20,rf,0.3529411764705882
y_XLB,20,baseline_zero,0.0
y_XLB,21,knn,0.5172413793103449
y_XLB,21,ridge,0.4137931034482758
y_XLB,21,baseline_last,0.2758620689655172
y_XLB,21,rf,0.2758620689655172
y_XLB,21,mlp,0.2758620689655172
y_XLB,21,baseline_zero,0.0
y_XLB,22,ridge,0.6296296296296297
y_XLB,22,knn,0.4444444444444444
y_XLB,22,mlp,0.4074074074074074
y_XLB,22,baseline_last,0.3333333333333333
y_XLB,22,rf,0.2962962962962963
y_XLB,22,baseline_zero,0.0
y_XLB,23,mlp,0.5517241379310345
y_XLB,23,ridge,0.4827586206896552
y_XLB,23,knn,0.3448275862068966
y_XLB,23,baseline_last,0.2758620689655172
y_XLB,23,rf,0.2413793103448276
y_XLB,23,baseline_zero,0.0
y_XLB,24,mlp,0.6060606060606061
y_XLB,24,rf,0.4545454545454545
y_XLB,24,knn,0.4242424242424242
y_XLB,24,ridge,0.3636363636363636
y_XLB,24,baseline_last,0.3333333333333333
y_XLB,24,baseline_zero,0.0
y_XLC,0,rf,0.5142857142857142
y_XLC,0,mlp,0.4571428571428571
y_XLC,0,knn,0.4285714285714285
y_XLC,0,ridge,0.4
y_XLC,0,baseline_last,0.2571428571428571
y_XLC,0,baseline_zero,0.0571428571428571
y_XLC,1,rf,0.4857142857142857
y_XLC,1,knn,0.4571428571428571
y_XLC,1,ridge,0.4285714285714285
y_XLC,1,mlp,0.4
y_XLC,1,baseline_last,0.2857142857142857
y_XLC,1,baseline_zero,0.0571428571428571
y_XLC,2,rf,0.4594594594594595
y_XLC,2,mlp,0.4324324324324324
y_XLC,2,ridge,0.3783783783783784
y_XLC,2,baseline_last,0.3243243243243243
y_XLC,2,knn,0.2972972972972973
y_XLC,2,baseline_zero,0.054054054054054
y_XLC,3,rf,0.6470588235294118
y_XLC,3,knn,0.3823529411764705
y_XLC,3,baseline_last,0.3529411764705882
y_XLC,3,mlp,0.3529411764705882
y_XLC,3,ridge,0.3235294117647059
y_XLC,3,baseline_zero,0.0
y_XLC,4,rf,0.5625
y_XLC,4,mlp,0.5
y_XLC,4,knn,0.4375
y_XLC,4,ridge,0.4375
y_XLC,4,baseline_last,0.40625
y_XLC,4,baseline_zero,0.0
y_XLC,5,rf,0.7142857142857143
y_XLC,5,knn,0.6428571428571429
y_XLC,5,mlp,0.5357142857142857
y_XLC,5,ridge,0.4642857142857143
y_XLC,5,baseline_last,0.3214285714285714
y_XLC,5,baseline_zero,0.0
y_XLC,6,rf,0.6551724137931034
y_XLC,6,mlp,0.5862068965517241
y_XLC,6,knn,0.4827586206896552
y_XLC,6,ridge,0.4137931034482758
y_XLC,6,baseline_last,0.3448275862068966
y_XLC,6,baseline_zero,0.0
y_XLC,7,knn,0.5666666666666667
y_XLC,7,rf,0.5333333333333333
y_XLC,7,ridge,0.4666666666666667
y_XLC,7,baseline_last,0.4
y_XLC,7,mlp,0.4
y_XLC,7,baseline_zero,0.0
y_XLC,8,rf,0.5882352941176471
y_XLC,8,knn,0.4705882352941176
y_XLC,8,mlp,0.4411764705882353
y_XLC,8,ridge,0.4117647058823529
y_XLC,8,baseline_last,0.3235294117647059
y_XLC,8,baseline_zero,0.0
y_XLC,9,rf,0.5428571428571428
y_XLC,9,mlp,0.5428571428571428
y_XLC,9,knn,0.5142857142857142
y_XLC,9,ridge,0.4285714285714285
y_XLC,9,baseline_last,0.2857142857142857
y_XLC,9,baseline_zero,0.0
y_XLC,10,rf,0.5142857142857142
y_XLC,10,knn,0.4571428571428571
y_XLC,10,mlp,0.4571428571428571
y_XLC,10,ridge,0.4
y_XLC,10,baseline_last,0.2857142857142857
y_XLC,10,baseline_zero,0.0
y_XLC,11,baseline_last,0.4857142857142857
y_XLC,11,ridge,0.4857142857142857
y_XLC,11,rf,0.4571428571428571
y_XLC,11,mlp,0.4571428571428571
y_XLC,11,knn,0.4285714285714285
y_XLC,11,baseline_zero,0.0
y_XLC,12,rf,0.5588235294117647
y_XLC,12,baseline_last,0.5294117647058824
y_XLC,12,knn,0.5
y_XLC,12,mlp,0.4705882352941176
y_XLC,12,ridge,0.4117647058823529
y_XLC,12,baseline_zero,0.0
y_XLC,13,ridge,0.6571428571428571
y_XLC,13,rf,0.6285714285714286
y_XLC,13,baseline_last,0.4571428571428571
y_XLC,13,knn,0.4571428571428571
y_XLC,13,mlp,0.3142857142857143
y_XLC,13,baseline_zero,0.0
y_XLC,14,ridge,0.7058823529411765
y_XLC,14,rf,0.6176470588235294
y_XLC,14,knn,0.5294117647058824
y_XLC,14,mlp,0.4411764705882353
y_XLC,14,baseline_last,0.3235294117647059
y_XLC,14,baseline_zero,0.0
y_XLC,15,ridge,0.6470588235294118
y_XLC,15,rf,0.5294117647058824
y_XLC,15,knn,0.4705882352941176
y_XLC,15,mlp,0.4705882352941176
y_XLC,15,baseline_last,0.3235294117647059
y_XLC,15,baseline_zero,0.0
y_XLC,16,mlp,0.5757575757575758
y_XLC,16,knn,0.5151515151515151
y_XLC,16,ridge,0.4848484848484848
y_XLC,16,rf,0.4545454545454545
y_XLC,16,baseline_last,0.3636363636363636
y_XLC,16,baseline_zero,0.0
y_XLC,17,mlp,0.5757575757575758
y_XLC,17,baseline_last,0.5454545454545454
y_XLC,17,knn,0.4848484848484848
y_XLC,17,rf,0.4242424242424242
y_XLC,17,ridge,0.303030303030303
y_XLC,17,baseline_zero,0.0
y_XLC,18,baseline_last,0.5
y_XLC,18,rf,0.4705882352941176
y_XLC,18,mlp,0.4705882352941176
y_XLC,18,knn,0.4117647058823529
y_XLC,18,ridge,0.4117647058823529
y_XLC,18,baseline_zero,0.0
y_XLC,19,mlp,0.6571428571428571
y_XLC,19,ridge,0.6
y_XLC,19,knn,0.4857142857142857
y_XLC,19,baseline_last,0.4571428571428571
y_XLC,19,rf,0.4571428571428571
y_XLC,19,baseline_zero,0.0
y_XLC,20,ridge,0.6764705882352942
y_XLC,20,knn,0.5294117647058824
y_XLC,20,rf,0.5294117647058824
y_XLC,20,mlp,0.4705882352941176
y_XLC,20,baseline_last,0.3529411764705882
y_XLC,20,baseline_zero,0.0
y_XLC,21,rf,0.6206896551724138
y_XLC,21,knn,0.5172413793103449
y_XLC,21,ridge,0.4827586206896552
y_XLC,21,mlp,0.4827586206896552
y_XLC,21,baseline_last,0.3103448275862069
y_XLC,21,baseline_zero,0.0
y_XLC,22,rf,0.7407407407407407
y_XLC,22,mlp,0.5555555555555556
y_XLC,22,knn,0.4814814814814814
y_XLC,22,ridge,0.4444444444444444
y_XLC,22,baseline_last,0.4074074074074074
y_XLC,22,baseline_zero,0.0
y_XLC,23,ridge,0.5517241379310345
y_XLC,23,rf,0.5172413793103449
y_XLC,23,baseline_last,0.4827586206896552
y_XLC,23,knn,0.4827586206896552
y_XLC,23,mlp,0.4482758620689655
y_XLC,23,baseline_zero,0.0
y_XLC,24,mlp,0.6666666666666666
y_XLC,24,baseline_last,0.6060606060606061
y_XLC,24,ridge,0.6060606060606061
y_XLC,24,rf,0.6060606060606061
y_XLC,24,knn,0.4545454545454545
y_XLC,24,baseline_zero,0.0
y_XLE,0,mlp,0.6
y_XLE,0,baseline_last,0.5428571428571428
y_XLE,0,rf,0.4571428571428571
y_XLE,0,knn,0.4285714285714285
y_XLE,0,ridge,0.4285714285714285
y_XLE,0,baseline_zero,0.0
y_XLE,1,knn,0.5714285714285714
y_XLE,1,baseline_last,0.5142857142857142
y_XLE,1,ridge,0.5142857142857142
y_XLE,1,rf,0.4857142857142857
y_XLE,1,mlp,0.4571428571428571
y_XLE,1,baseline_zero,0.0
y_XLE,2,mlp,0.5945945945945946
y_XLE,2,ridge,0.4864864864864865
y_XLE,2,knn,0.4594594594594595
y_XLE,2,baseline_last,0.4324324324324324
y_XLE,2,rf,0.4324324324324324
y_XLE,2,baseline_zero,0.0
y_XLE,3,mlp,0.5882352941176471
y_XLE,3,ridge,0.5588235294117647
y_XLE,3,knn,0.5
y_XLE,3,rf,0.4117647058823529
y_XLE,3,baseline_last,0.3529411764705882
y_XLE,3,baseline_zero,0.0
y_XLE,4,ridge,0.65625
y_XLE,4,knn,0.53125
y_XLE,4,mlp,0.5
y_XLE,4,rf,0.375
y_XLE,4,baseline_last,0.3125
y_XLE,4,baseline_zero,0.0
y_XLE,5,ridge,0.7142857142857143
y_XLE,5,mlp,0.5357142857142857
y_XLE,5,rf,0.5
y_XLE,5,knn,0.4285714285714285
y_XLE,5,baseline_last,0.3928571428571428
y_XLE,5,baseline_zero,0.0
y_XLE,6,ridge,0.6206896551724138
y_XLE,6,knn,0.5517241379310345
y_XLE,6,rf,0.5172413793103449
y_XLE,6,mlp,0.4827586206896552
y_XLE,6,baseline_last,0.3448275862068966
y_XLE,6,baseline_zero,0.0
y_XLE,7,ridge,0.6
y_XLE,7,rf,0.6
y_XLE,7,knn,0.5
y_XLE,7,mlp,0.4
y_XLE,7,baseline_last,0.3666666666666666
y_XLE,7,baseline_zero,0.0
y_XLE,8,knn,0.5882352941176471
y_XLE,8,ridge,0.5588235294117647
y_XLE,8,rf,0.4705882352941176
y_XLE,8,mlp,0.3823529411764705
y_XLE,8,baseline_last,0.3235294117647059
y_XLE,8,baseline_zero,0.0
y_XLE,9,knn,0.5714285714285714
y_XLE,9,rf,0.4571428571428571
y_XLE,9,ridge,0.4285714285714285
y_XLE,9,mlp,0.4285714285714285
y_XLE,9,baseline_last,0.3428571428571428
y_XLE,9,baseline_zero,0.0
y_XLE,10,mlp,0.6
y_XLE,10,rf,0.5714285714285714
y_XLE,10,knn,0.5428571428571428
y_XLE,10,ridge,0.5428571428571428
y_XLE,10,baseline_last,0.3142857142857143
y_XLE,10,baseline_zero,0.0
y_XLE,11,ridge,0.5428571428571428
y_XLE,11,knn,0.5142857142857142
y_XLE,11,rf,0.5142857142857142
y_XLE,11,mlp,0.4857142857142857
y_XLE,11,baseline_last,0.3428571428571428
y_XLE,11,baseline_zero,0.0
y_XLE,12,rf,0.6764705882352942
y_XLE,12,ridge,0.5882352941176471
y_XLE,12,knn,0.5588235294117647
y_XLE,12,mlp,0.5294117647058824
y_XLE,12,baseline_last,0.3529411764705882
y_XLE,12,baseline_zero,0.0
y_XLE,13,rf,0.6285714285714286
y_XLE,13,knn,0.4857142857142857
y_XLE,13,ridge,0.4857142857142857
y_XLE,13,mlp,0.4285714285714285
y_XLE,13,baseline_last,0.3714285714285714
y_XLE,13,baseline_zero,0.0
y_XLE,14,rf,0.6176470588235294
y_XLE,14,ridge,0.5588235294117647
y_XLE,14,mlp,0.5294117647058824
y_XLE,14,knn,0.4411764705882353
y_XLE,14,baseline_last,0.3529411764705882
y_XLE,14,baseline_zero,0.0
y_XLE,15,rf,0.5882352941176471
y_XLE,15,ridge,0.5588235294117647
y_XLE,15,knn,0.4411764705882353
y_XLE,15,mlp,0.4411764705882353
y_XLE,15,baseline_last,0.3823529411764705
y_XLE,15,baseline_zero,0.0294117647058823
y_XLE,16,ridge,0.6363636363636364
y_XLE,16,rf,0.5151515151515151
y_XLE,16,mlp,0.4848484848484848
y_XLE,16,baseline_last,0.3939393939393939
y_XLE,16,knn,0.3636363636363636
y_XLE,16,baseline_zero,0.0303030303030303
y_XLE,17,ridge,0.6060606060606061
y_XLE,17,mlp,0.5454545454545454
y_XLE,17,rf,0.5151515151515151
y_XLE,17,baseline_last,0.4242424242424242
y_XLE,17,knn,0.3333333333333333
y_XLE,17,baseline_zero,0.0606060606060606
y_XLE,18,rf,0.5
y_XLE,18,knn,0.4411764705882353
y_XLE,18,ridge,0.4117647058823529
y_XLE,18,mlp,0.3823529411764705
y_XLE,18,baseline_last,0.3529411764705882
y_XLE,18,baseline_zero,0.0294117647058823
y_XLE,19,mlp,0.6
y_XLE,19,rf,0.5714285714285714
y_XLE,19,knn,0.5428571428571428
y_XLE,19,baseline_last,0.3428571428571428
y_XLE,19,ridge,0.3428571428571428
y_XLE,19,baseline_zero,0.0285714285714285
y_XLE,20,knn,0.5588235294117647
y_XLE,20,rf,0.5294117647058824
y_XLE,20,mlp,0.5
y_XLE,20,ridge,0.3529411764705882
y_XLE,20,baseline_last,0.2941176470588235
y_XLE,20,baseline_zero,0.0
y_XLE,21,knn,0.4827586206896552
y_XLE,21,rf,0.4827586206896552
y_XLE,21,mlp,0.4482758620689655
y_XLE,21,ridge,0.3103448275862069
y_XLE,21,baseline_last,0.2413793103448276
y_XLE,21,baseline_zero,0.0344827586206896
y_XLE,22,mlp,0.5185185185185185
y_XLE,22,knn,0.4074074074074074
y_XLE,22,ridge,0.3703703703703703
y_XLE,22,rf,0.2962962962962963
y_XLE,22,baseline_last,0.2592592592592592
y_XLE,22,baseline_zero,0.037037037037037
y_XLE,23,mlp,0.4482758620689655
y_XLE,23,ridge,0.4137931034482758
y_XLE,23,rf,0.4137931034482758
y_XLE,23,baseline_last,0.2758620689655172
y_XLE,23,knn,0.2413793103448276
y_XLE,23,baseline_zero,0.0344827586206896
y_XLE,24,mlp,0.696969696969697
y_XLE,24,rf,0.5454545454545454
y_XLE,24,ridge,0.4848484848484848
y_XLE,24,knn,0.4242424242424242
y_XLE,24,baseline_last,0.3939393939393939
y_XLE,24,baseline_zero,0.0
y_XLF,0,ridge,0.4857142857142857
y_XLF,0,baseline_last,0.4571428571428571
y_XLF,0,rf,0.4571428571428571
y_XLF,0,mlp,0.4571428571428571
y_XLF,0,knn,0.3142857142857143
y_XLF,0,baseline_zero,0.0
y_XLF,1,ridge,0.4571428571428571
y_XLF,1,rf,0.4571428571428571
y_XLF,1,mlp,0.4571428571428571
y_XLF,1,knn,0.4285714285714285
y_XLF,1,baseline_last,0.3714285714285714
y_XLF,1,baseline_zero,0.0
y_XLF,2,ridge,0.5135135135135135
y_XLF,2,knn,0.4594594594594595
y_XLF,2,rf,0.4324324324324324
y_XLF,2,mlp,0.3783783783783784
y_XLF,2,baseline_last,0.2432432432432432
y_XLF,2,baseline_zero,0.0
y_XLF,3,knn,0.5882352941176471
y_XLF,3,mlp,0.5882352941176471
y_XLF,3,ridge,0.5294117647058824
y_XLF,3,rf,0.4705882352941176
y_XLF,3,baseline_last,0.2941176470588235
y_XLF,3,baseline_zero,0.0
y_XLF,4,ridge,0.59375
y_XLF,4,knn,0.5625
y_XLF,4,mlp,0.5625
y_XLF,4,rf,0.53125
y_XLF,4,baseline_last,0.25
y_XLF,4,baseline_zero,0.0
y_XLF,5,rf,0.6428571428571429
y_XLF,5,ridge,0.5714285714285714
y_XLF,5,knn,0.4285714285714285
y_XLF,5,mlp,0.3928571428571428
y_XLF,5,baseline_last,0.3571428571428571
y_XLF,5,baseline_zero,0.0
y_XLF,6,mlp,0.6206896551724138
y_XLF,6,ridge,0.5517241379310345
y_XLF,6,rf,0.5172413793103449
y_XLF,6,knn,0.4482758620689655
y_XLF,6,baseline_last,0.3103448275862069
y_XLF,6,baseline_zero,0.0
y_XLF,7,knn,0.6333333333333333
y_XLF,7,ridge,0.6
y_XLF,7,rf,0.6
y_XLF,7,mlp,0.4333333333333333
y_XLF,7,baseline_last,0.3333333333333333
y_XLF,7,baseline_zero,0.0
y_XLF,8,knn,0.6764705882352942
y_XLF,8,rf,0.6470588235294118
y_XLF,8,ridge,0.5882352941176471
y_XLF,8,mlp,0.3529411764705882
y_XLF,8,baseline_last,0.2647058823529412
y_XLF,8,baseline_zero,0.0
y_XLF,9,knn,0.6857142857142857
y_XLF,9,ridge,0.5428571428571428
y_XLF,9,rf,0.5142857142857142
y_XLF,9,mlp,0.4857142857142857
y_XLF,9,baseline_last,0.2571428571428571
y_XLF,9,baseline_zero,0.0
y_XLF,10,knn,0.5142857142857142
y_XLF,10,mlp,0.5142857142857142
y_XLF,10,rf,0.4571428571428571
y_XLF,10,ridge,0.3714285714285714
y_XLF,10,baseline_last,0.2285714285714285
y_XLF,10,baseline_zero,0.0
y_XLF,11,mlp,0.5714285714285714
y_XLF,11,rf,0.4857142857142857
y_XLF,11,knn,0.4285714285714285
y_XLF,11,baseline_last,0.3142857142857143
y_XLF,11,ridge,0.2857142857142857
y_XLF,11,baseline_zero,0.0285714285714285
y_XLF,12,rf,0.4705882352941176
y_XLF,12,knn,0.4411764705882353
y_XLF,12,mlp,0.4117647058823529
y_XLF,12,baseline_last,0.2941176470588235
y_XLF,12,ridge,0.2647058823529412
y_XLF,12,baseline_zero,0.0588235294117647
y_XLF,13,knn,0.4285714285714285
y_XLF,13,mlp,0.4285714285714285
y_XLF,13,ridge,0.3714285714285714
y_XLF,13,baseline_last,0.3142857142857143
y_XLF,13,rf,0.3142857142857143
y_XLF,13,baseline_zero,0.0571428571428571
y_XLF,14,mlp,0.6176470588235294
y_XLF,14,knn,0.5
y_XLF,14,ridge,0.4117647058823529
y_XLF,14,rf,0.3529411764705882
y_XLF,14,baseline_last,0.2941176470588235
y_XLF,14,baseline_zero,0.0294117647058823
y_XLF,15,ridge,0.5
y_XLF,15,knn,0.4411764705882353
y_XLF,15,rf,0.4117647058823529
y_XLF,15,baseline_last,0.3823529411764705
y_XLF,15,mlp,0.3235294117647059
y_XLF,15,baseline_zero,0.0
y_XLF,16,mlp,0.5151515151515151
y_XLF,16,ridge,0.4848484848484848
y_XLF,16,knn,0.3939393939393939
y_XLF,16,rf,0.3939393939393939
y_XLF,16,baseline_last,0.3333333333333333
y_XLF,16,baseline_zero,0.0
y_XLF,17,ridge,0.4848484848484848
y_XLF,17,mlp,0.4848484848484848
y_XLF,17,rf,0.4545454545454545
y_XLF,17,baseline_last,0.3939393939393939
y_XLF,17,knn,0.3333333333333333
y_XLF,17,baseline_zero,0.0
y_XLF,18,knn,0.4705882352941176
y_XLF,18,mlp,0.4705882352941176
y_XLF,18,ridge,0.3823529411764705
y_XLF,18,baseline_last,0.3529411764705882
y_XLF,18,rf,0.3235294117647059
y_XLF,18,baseline_zero,0.0294117647058823
y_XLF,19,knn,0.5428571428571428
y_XLF,19,mlp,0.4571428571428571
y_XLF,19,ridge,0.4
y_XLF,19,baseline_last,0.3714285714285714
y_XLF,19,rf,0.3714285714285714
y_XLF,19,baseline_zero,0.0285714285714285
y_XLF,20,knn,0.5882352941176471
y_XLF,20,rf,0.5882352941176471
y_XLF,20,mlp,0.4705882352941176
y_XLF,20,baseline_last,0.3529411764705882
y_XLF,20,ridge,0.3235294117647059
y_XLF,20,baseline_zero,0.0294117647058823
y_XLF,21,knn,0.5517241379310345
y_XLF,21,mlp,0.5517241379310345
y_XLF,21,rf,0.5172413793103449
y_XLF,21,ridge,0.4137931034482758
y_XLF,21,baseline_last,0.3793103448275862
y_XLF,21,baseline_zero,0.0
y_XLF,22,mlp,0.6666666666666666
y_XLF,22,rf,0.5185185185185185
y_XLF,22,knn,0.4074074074074074
y_XLF,22,baseline_last,0.3703703703703703
y_XLF,22,ridge,0.3703703703703703
y_XLF,22,baseline_zero,0.0
y_XLF,23,ridge,0.4482758620689655
y_XLF,23,rf,0.4137931034482758
y_XLF,23,knn,0.3793103448275862
y_XLF,23,baseline_last,0.3103448275862069
y_XLF,23,mlp,0.3103448275862069
y_XLF,23,baseline_zero,0.0
y_XLF,24,mlp,0.5151515151515151
y_XLF,24,ridge,0.4848484848484848
y_XLF,24,knn,0.3939393939393939
y_XLF,24,rf,0.3939393939393939
y_XLF,24,baseline_last,0.2727272727272727
y_XLF,24,baseline_zero,0.0
y_XLI,0,mlp,0.4857142857142857
y_XLI,0,ridge,0.4571428571428571
y_XLI,0,rf,0.4
y_XLI,0,knn,0.3142857142857143
y_XLI,0,baseline_last,0.2857142857142857
y_XLI,0,baseline_zero,0.0
y_XLI,1,mlp,0.4857142857142857
y_XLI,1,knn,0.4285714285714285
y_XLI,1,ridge,0.4285714285714285
y_XLI,1,baseline_last,0.3142857142857143
y_XLI,1,rf,0.3142857142857143
y_XLI,1,baseline_zero,0.0
y_XLI,2,mlp,0.5405405405405406
y_XLI,2,knn,0.4324324324324324
y_XLI,2,ridge,0.4324324324324324
y_XLI,2,rf,0.3783783783783784
y_XLI,2,baseline_last,0.2972972972972973
y_XLI,2,baseline_zero,0.0
y_XLI,3,knn,0.5882352941176471
y_XLI,3,mlp,0.5294117647058824
y_XLI,3,rf,0.5
y_XLI,3,ridge,0.4411764705882353
y_XLI,3,baseline_last,0.3235294117647059
y_XLI,3,baseline_zero,0.0
y_XLI,4,knn,0.5625
y_XLI,4,ridge,0.46875
y_XLI,4,rf,0.46875
y_XLI,4,mlp,0.46875
y_XLI,4,baseline_last,0.375
y_XLI,4,baseline_zero,0.0
y_XLI,5,knn,0.5714285714285714
y_XLI,5,mlp,0.5357142857142857
y_XLI,5,baseline_last,0.3928571428571428
y_XLI,5,rf,0.3928571428571428
y_XLI,5,ridge,0.3571428571428571
y_XLI,5,baseline_zero,0.0
y_XLI,6,knn,0.6551724137931034
y_XLI,6,mlp,0.4827586206896552
y_XLI,6,rf,0.4482758620689655
y_XLI,6,baseline_last,0.3793103448275862
y_XLI,6,ridge,0.3793103448275862
y_XLI,6,baseline_zero,0.0
y_XLI,7,rf,0.6333333333333333
y_XLI,7,knn,0.6
y_XLI,7,mlp,0.5333333333333333
y_XLI,7,ridge,0.4666666666666667
y_XLI,7,baseline_last,0.2666666666666666
y_XLI,7,baseline_zero,0.0
y_XLI,8,knn,0.6764705882352942
y_XLI,8,ridge,0.5882352941176471
y_XLI,8,rf,0.5294117647058824
y_XLI,8,mlp,0.4705882352941176
y_XLI,8,baseline_last,0.2352941176470588
y_XLI,8,baseline_zero,0.0
y_XLI,9,knn,0.5714285714285714
y_XLI,9,rf,0.5714285714285714
y_XLI,9,ridge,0.5142857142857142
y_XLI,9,mlp,0.4571428571428571
y_XLI,9,baseline_last,0.2571428571428571
y_XLI,9,baseline_zero,0.0
y_XLI,10,knn,0.6
y_XLI,10,rf,0.4285714285714285
y_XLI,10,mlp,0.4
y_XLI,10,baseline_last,0.3714285714285714
y_XLI,10,ridge,0.3714285714285714
y_XLI,10,baseline_zero,0.0
y_XLI,11,knn,0.5142857142857142
y_XLI,11,rf,0.4857142857142857
y_XLI,11,baseline_last,0.4571428571428571
y_XLI,11,mlp,0.4571428571428571
y_XLI,11,ridge,0.3714285714285714
y_XLI,11,baseline_zero,0.0
y_XLI,12,knn,0.5294117647058824
y_XLI,12,rf,0.4705882352941176
y_XLI,12,baseline_last,0.4411764705882353
y_XLI,12,mlp,0.4117647058823529
y_XLI,12,ridge,0.2941176470588235
y_XLI,12,baseline_zero,0.0
y_XLI,13,mlp,0.5142857142857142
y_XLI,13,knn,0.4571428571428571
y_XLI,13,ridge,0.4
y_XLI,13,rf,0.3714285714285714
y_XLI,13,baseline_last,0.3428571428571428
y_XLI,13,baseline_zero,0.0
y_XLI,14,mlp,0.5882352941176471
y_XLI,14,knn,0.5
y_XLI,14,rf,0.4411764705882353
y_XLI,14,ridge,0.3823529411764705
y_XLI,14,baseline_last,0.2352941176470588
y_XLI,14,baseline_zero,0.0
y_XLI,15,knn,0.5
y_XLI,15,rf,0.5
y_XLI,15,ridge,0.4705882352941176
y_XLI,15,mlp,0.4705882352941176
y_XLI,15,baseline_last,0.2058823529411764
y_XLI,15,baseline_zero,0.0
y_XLI,16,knn,0.5757575757575758
y_XLI,16,ridge,0.4242424242424242
y_XLI,16,mlp,0.4242424242424242
y_XLI,16,rf,0.3636363636363636
y_XLI,16,baseline_last,0.2121212121212121
y_XLI,16,baseline_zero,0.0
y_XLI,17,knn,0.5151515151515151
y_XLI,17,ridge,0.5151515151515151
y_XLI,17,rf,0.3939393939393939
y_XLI,17,mlp,0.3636363636363636
y_XLI,17,baseline_last,0.2424242424242424
y_XLI,17,baseline_zero,0.0
y_XLI,18,mlp,0.5882352941176471
y_XLI,18,ridge,0.5588235294117647
y_XLI,18,knn,0.5
y_XLI,18,rf,0.4411764705882353
y_XLI,18,baseline_last,0.2352941176470588
y_XLI,18,baseline_zero,0.0
y_XLI,19,ridge,0.4857142857142857
y_XLI,19,rf,0.4571428571428571
y_XLI,19,mlp,0.4571428571428571
y_XLI,19,knn,0.4285714285714285
y_XLI,19,baseline_last,0.1714285714285714
y_XLI,19,baseline_zero,0.0
y_XLI,20,knn,0.5294117647058824
y_XLI,20,ridge,0.5
y_XLI,20,mlp,0.4705882352941176
y_XLI,20,rf,0.4411764705882353
y_XLI,20,baseline_last,0.2058823529411764
y_XLI,20,baseline_zero,0.0
y_XLI,21,knn,0.5172413793103449
y_XLI,21,ridge,0.5172413793103449
y_XLI,21,mlp,0.5172413793103449
y_XLI,21,rf,0.4827586206896552
y_XLI,21,baseline_last,0.2758620689655172
y_XLI,21,baseline_zero,0.0
y_XLI,22,rf,0.5925925925925926
y_XLI,22,mlp,0.5925925925925926
y_XLI,22,ridge,0.5185185185185185
y_XLI,22,baseline_last,0.4444444444444444
y_XLI,22,knn,0.4444444444444444
y_XLI,22,baseline_zero,0.0
y_XLI,23,ridge,0.4482758620689655
y_XLI,23,knn,0.3793103448275862
y_XLI,23,mlp,0.3793103448275862
y_XLI,23,baseline_last,0.3448275862068966
y_XLI,23,rf,0.3448275862068966
y_XLI,23,baseline_zero,0.0
y_XLI,24,ridge,0.4848484848484848
y_XLI,24,mlp,0.3939393939393939
y_XLI,24,rf,0.3333333333333333
y_XLI,24,baseline_last,0.303030303030303
y_XLI,24,knn,0.303030303030303
y_XLI,24,baseline_zero,0.0
y_XLK,0,ridge,0.6
y_XLK,0,rf,0.5142857142857142
y_XLK,0,mlp,0.4571428571428571
y_XLK,0,baseline_last,0.4285714285714285
y_XLK,0,knn,0.3714285714285714
y_XLK,0,baseline_zero,0.0
y_XLK,1,mlp,0.6571428571428571
y_XLK,1,ridge,0.6
y_XLK,1,rf,0.4857142857142857
y_XLK,1,baseline_last,0.4571428571428571
y_XLK,1,knn,0.4
y_XLK,1,baseline_zero,0.0
y_XLK,2,mlp,0.6486486486486487
y_XLK,2,ridge,0.4864864864864865
y_XLK,2,baseline_last,0.4324324324324324
y_XLK,2,rf,0.4324324324324324
y_XLK,2,knn,0.3243243243243243
y_XLK,2,baseline_zero,0.0
y_XLK,3,rf,0.4117647058823529
y_XLK,3,knn,0.3823529411764705
y_XLK,3,mlp,0.3823529411764705
y_XLK,3,baseline_last,0.3529411764705882
y_XLK,3,ridge,0.3235294117647059
y_XLK,3,baseline_zero,0.0
y_XLK,4,mlp,0.59375
y_XLK,4,rf,0.46875
y_XLK,4,ridge,0.40625
y_XLK,4,baseline_last,0.28125
y_XLK,4,knn,0.28125
y_XLK,4,baseline_zero,0.0
y_XLK,5,mlp,0.5
y_XLK,5,ridge,0.4642857142857143
y_XLK,5,rf,0.4642857142857143
y_XLK,5,knn,0.4285714285714285
y_XLK,5,baseline_last,0.2142857142857142
y_XLK,5,baseline_zero,0.0
y_XLK,6,ridge,0.6206896551724138
y_XLK,6,knn,0.4827586206896552
y_XLK,6,mlp,0.4827586206896552
y_XLK,6,rf,0.4482758620689655
y_XLK,6,baseline_last,0.2413793103448276
y_XLK,6,baseline_zero,0.0
y_XLK,7,ridge,0.6333333333333333
y_XLK,7,knn,0.5666666666666667
y_XLK,7,rf,0.4333333333333333
y_XLK,7,mlp,0.4
y_XLK,7,baseline_last,0.2333333333333333
y_XLK,7,baseline_zero,0.0
y_XLK,8,knn,0.5588235294117647
y_XLK,8,ridge,0.5588235294117647
y_XLK,8,mlp,0.4411764705882353
y_XLK,8,rf,0.3529411764705882
y_XLK,8,baseline_last,0.1470588235294117
y_XLK,8,baseline_zero,0.0
y_XLK,9,knn,0.5714285714285714
y_XLK,9,mlp,0.4571428571428571
y_XLK,9,rf,0.4285714285714285
y_XLK,9,ridge,0.3714285714285714
y_XLK,9,baseline_last,0.1714285714285714
y_XLK,9,baseline_zero,0.0
y_XLK,10,knn,0.4571428571428571
y_XLK,10,ridge,0.3428571428571428
y_XLK,10,baseline_last,0.3142857142857143
y_XLK,10,rf,0.3142857142857143
y_XLK,10,mlp,0.3142857142857143
y_XLK,10,baseline_zero,0.0
y_XLK,11,baseline_last,0.4571428571428571
y_XLK,11,ridge,0.4571428571428571
y_XLK,11,rf,0.4571428571428571
y_XLK,11,mlp,0.4571428571428571
y_XLK,11,knn,0.4285714285714285
y_XLK,11,baseline_zero,0.0
y_XLK,12,mlp,0.5294117647058824
y_XLK,12,knn,0.5
y_XLK,12,rf,0.5
y_XLK,12,baseline_last,0.3823529411764705
y_XLK,12,ridge,0.3823529411764705
y_XLK,12,baseline_zero,0.0
y_XLK,13,ridge,0.5142857142857142
y_XLK,13,knn,0.4571428571428571
y_XLK,13,mlp,0.4571428571428571
y_XLK,13,rf,0.4
y_XLK,13,baseline_last,0.3142857142857143
y_XLK,13,baseline_zero,0.0
y_XLK,14,knn,0.5
y_XLK,14,ridge,0.5
y_XLK,14,rf,0.5
y_XLK,14,mlp,0.3823529411764705
y_XLK,14,baseline_last,0.3529411764705882
y_XLK,14,baseline_zero,0.0
y_XLK,15,rf,0.5588235294117647
y_XLK,15,baseline_last,0.4705882352941176
y_XLK,15,knn,0.4411764705882353
y_XLK,15,ridge,0.4411764705882353
y_XLK,15,mlp,0.3529411764705882
y_XLK,15,baseline_zero,0.0
y_XLK,16,knn,0.6363636363636364
y_XLK,16,baseline_last,0.5151515151515151
y_XLK,16,ridge,0.5151515151515151
y_XLK,16,mlp,0.5151515151515151
y_XLK,16,rf,0.4545454545454545
y_XLK,16,baseline_zero,0.0
y_XLK,17,ridge,0.5151515151515151
y_XLK,17,baseline_last,0.4848484848484848
y_XLK,17,knn,0.4848484848484848
y_XLK,17,mlp,0.4242424242424242
y_XLK,17,rf,0.3636363636363636
y_XLK,17,baseline_zero,0.0
y_XLK,18,knn,0.5882352941176471
y_XLK,18,ridge,0.5882352941176471
y_XLK,18,rf,0.5
y_XLK,18,baseline_last,0.4411764705882353
y_XLK,18,mlp,0.4117647058823529
y_XLK,18,baseline_zero,0.0
y_XLK,19,rf,0.6
y_XLK,19,ridge,0.5428571428571428
y_XLK,19,knn,0.4857142857142857
y_XLK,19,mlp,0.4571428571428571
y_XLK,19,baseline_last,0.2857142857142857
y_XLK,19,baseline_zero,0.0
y_XLK,20,mlp,0.5882352941176471
y_XLK,20,rf,0.5294117647058824
y_XLK,20,ridge,0.5
y_XLK,20,knn,0.4705882352941176
y_XLK,20,baseline_last,0.3235294117647059
y_XLK,20,baseline_zero,0.0
y_XLK,21,ridge,0.5517241379310345
y_XLK,21,rf,0.4827586206896552
y_XLK,21,knn,0.4482758620689655
y_XLK,21,mlp,0.3793103448275862
y_XLK,21,baseline_last,0.3103448275862069
y_XLK,21,baseline_zero,0.0
y_XLK,22,knn,0.5925925925925926
y_XLK,22,ridge,0.5555555555555556
y_XLK,22,baseline_last,0.4444444444444444
y_XLK,22,rf,0.4074074074074074
y_XLK,22,mlp,0.3703703703703703
y_XLK,22,baseline_zero,0.0
y_XLK,23,knn,0.7241379310344828
y_XLK,23,rf,0.5862068965517241
y_XLK,23,ridge,0.4827586206896552
y_XLK,23,mlp,0.4137931034482758
y_XLK,23,baseline_last,0.3448275862068966
y_XLK,23,baseline_zero,0.0
y_XLK,24,rf,0.6060606060606061
y_XLK,24,mlp,0.5454545454545454
y_XLK,24,knn,0.4242424242424242
y_XLK,24,ridge,0.4242424242424242
y_XLK,24,baseline_last,0.3333333333333333
y_XLK,24,baseline_zero,0.0
y_XLP,0,baseline_last,0.4857142857142857
y_XLP,0,knn,0.4857142857142857
y_XLP,0,mlp,0.4857142857142857
y_XLP,0,rf,0.4571428571428571
y_XLP,0,ridge,0.4
y_XLP,0,baseline_zero,0.0
y_XLP,1,knn,0.6285714285714286
y_XLP,1,rf,0.4285714285714285
y_XLP,1,baseline_last,0.4
y_XLP,1,ridge,0.3428571428571428
y_XLP,1,mlp,0.3428571428571428
y_XLP,1,baseline_zero,0.0
y_XLP,2,knn,0.5675675675675675
y_XLP,2,mlp,0.5405405405405406
y_XLP,2,baseline_last,0.4324324324324324
y_XLP,2,rf,0.4324324324324324
y_XLP,2,ridge,0.4054054054054054
y_XLP,2,baseline_zero,0.0
y_XLP,3,mlp,0.5294117647058824
y_XLP,3,knn,0.5
y_XLP,3,rf,0.5
y_XLP,3,baseline_last,0.3529411764705882
y_XLP,3,ridge,0.3529411764705882
y_XLP,3,baseline_zero,0.0
y_XLP,4,knn,0.5
y_XLP,4,rf,0.5
y_XLP,4,mlp,0.4375
y_XLP,4,ridge,0.34375
y_XLP,4,baseline_last,0.3125
y_XLP,4,baseline_zero,0.0
y_XLP,5,knn,0.4642857142857143
y_XLP,5,ridge,0.4642857142857143
y_XLP,5,rf,0.4642857142857143
y_XLP,5,mlp,0.4285714285714285
y_XLP,5,baseline_last,0.2142857142857142
y_XLP,5,baseline_zero,0.0
y_XLP,6,mlp,0.6206896551724138
y_XLP,6,ridge,0.5172413793103449
y_XLP,6,rf,0.4827586206896552
y_XLP,6,knn,0.4137931034482758
y_XLP,6,baseline_last,0.2068965517241379
y_XLP,6,baseline_zero,0.0
y_XLP,7,rf,0.6
y_XLP,7,ridge,0.5666666666666667
y_XLP,7,mlp,0.5
y_XLP,7,knn,0.4666666666666667
y_XLP,7,baseline_last,0.1666666666666666
y_XLP,7,baseline_zero,0.0
y_XLP,8,rf,0.7352941176470589
y_XLP,8,mlp,0.5588235294117647
y_XLP,8,ridge,0.5294117647058824
y_XLP,8,knn,0.5
y_XLP,8,baseline_last,0.2647058823529412
y_XLP,8,baseline_zero,0.0294117647058823
y_XLP,9,rf,0.7142857142857143
y_XLP,9,knn,0.6285714285714286
y_XLP,9,ridge,0.5714285714285714
y_XLP,9,mlp,0.3714285714285714
y_XLP,9,baseline_last,0.2571428571428571
y_XLP,9,baseline_zero,0.0285714285714285
y_XLP,10,knn,0.5428571428571428
y_XLP,10,ridge,0.5428571428571428
y_XLP,10,mlp,0.5142857142857142
y_XLP,10,rf,0.4857142857142857
y_XLP,10,baseline_last,0.3428571428571428
y_XLP,10,baseline_zero,0.0285714285714285
y_XLP,11,ridge,0.6
y_XLP,11,rf,0.5142857142857142
y_XLP,11,knn,0.4857142857142857
y_XLP,11,mlp,0.4857142857142857
y_XLP,11,baseline_last,0.3142857142857143
y_XLP,11,baseline_zero,0.0
y_XLP,12,ridge,0.6470588235294118
y_XLP,12,rf,0.5588235294117647
y_XLP,12,knn,0.5
y_XLP,12,mlp,0.4705882352941176
y_XLP,12,baseline_last,0.3235294117647059
y_XLP,12,baseline_zero,0.0
y_XLP,13,ridge,0.7428571428571429
y_XLP,13,mlp,0.6
y_XLP,13,knn,0.5142857142857142
y_XLP,13,rf,0.3428571428571428
y_XLP,13,baseline_last,0.2857142857142857
y_XLP,13,baseline_zero,0.0
y_XLP,14,ridge,0.6470588235294118
y_XLP,14,mlp,0.6470588235294118
y_XLP,14,rf,0.5882352941176471
y_XLP,14,knn,0.5
y_XLP,14,baseline_last,0.2647058823529412
y_XLP,14,baseline_zero,0.0294117647058823
y_XLP,15,ridge,0.5588235294117647
y_XLP,15,rf,0.4705882352941176
y_XLP,15,knn,0.4411764705882353
y_XLP,15,mlp,0.4411764705882353
y_XLP,15,baseline_last,0.2058823529411764
y_XLP,15,baseline_zero,0.0588235294117647
y_XLP,16,mlp,0.5454545454545454
y_XLP,16,ridge,0.4545454545454545
y_XLP,16,rf,0.4242424242424242
y_XLP,16,knn,0.3636363636363636
y_XLP,16,baseline_last,0.2121212121212121
y_XLP,16,baseline_zero,0.0606060606060606
y_XLP,17,mlp,0.5454545454545454
y_XLP,17,ridge,0.3939393939393939
y_XLP,17,rf,0.3636363636363636
y_XLP,17,knn,0.303030303030303
y_XLP,17,baseline_last,0.2121212121212121
y_XLP,17,baseline_zero,0.0303030303030303
y_XLP,18,mlp,0.4117647058823529
y_XLP,18,ridge,0.3529411764705882
y_XLP,18,rf,0.3529411764705882
y_XLP,18,baseline_last,0.3235294117647059
y_XLP,18,knn,0.2941176470588235
y_XLP,18,baseline_zero,0.0
y_XLP,19,mlp,0.4285714285714285
y_XLP,19,ridge,0.4
y_XLP,19,rf,0.3714285714285714
y_XLP,19,knn,0.3142857142857143
y_XLP,19,baseline_last,0.2857142857142857
y_XLP,19,baseline_zero,0.0285714285714285
y_XLP,20,mlp,0.5588235294117647
y_XLP,20,rf,0.4705882352941176
y_XLP,20,knn,0.3823529411764705
y_XLP,20,baseline_last,0.3235294117647059
y_XLP,20,ridge,0.3235294117647059
y_XLP,20,baseline_zero,0.0294117647058823
y_XLP,21,knn,0.5517241379310345
y_XLP,21,mlp,0.5517241379310345
y_XLP,21,rf,0.3793103448275862
y_XLP,21,ridge,0.3103448275862069
y_XLP,21,baseline_last,0.2758620689655172
y_XLP,21,baseline_zero,0.0344827586206896
y_XLP,22,knn,0.6296296296296297
y_XLP,22,mlp,0.4814814814814814
y_XLP,22,rf,0.4444444444444444
y_XLP,22,baseline_last,0.3333333333333333
y_XLP,22,ridge,0.3333333333333333
y_XLP,22,baseline_zero,0.0
y_XLP,23,mlp,0.5172413793103449
y_XLP,23,knn,0.4827586206896552
y_XLP,23,rf,0.4137931034482758
y_XLP,23,ridge,0.3793103448275862
y_XLP,23,baseline_last,0.3103448275862069
y_XLP,23,baseline_zero,0.0
y_XLP,24,rf,0.4848484848484848
y_XLP,24,mlp,0.4545454545454545
y_XLP,24,knn,0.4242424242424242
y_XLP,24,ridge,0.4242424242424242
y_XLP,24,baseline_last,0.3333333333333333
y_XLP,24,baseline_zero,0.0
y_XLRE,0,mlp,0.5428571428571428
y_XLRE,0,knn,0.4857142857142857
y_XLRE,0,rf,0.4857142857142857
y_XLRE,0,baseline_last,0.4571428571428571
y_XLRE,0,ridge,0.3714285714285714
y_XLRE,0,baseline_zero,0.0571428571428571
y_XLRE,1,mlp,0.4857142857142857
y_XLRE,1,knn,0.4285714285714285
y_XLRE,1,rf,0.4285714285714285
y_XLRE,1,baseline_last,0.4
y_XLRE,1,ridge,0.3714285714285714
y_XLRE,1,baseline_zero,0.0571428571428571
y_XLRE,2,knn,0.5135135135135135
y_XLRE,2,rf,0.5135135135135135
y_XLRE,2,ridge,0.4324324324324324
y_XLRE,2,mlp,0.4324324324324324
y_XLRE,2,baseline_last,0.4054054054054054
y_XLRE,2,baseline_zero,0.027027027027027
y_XLRE,3,mlp,0.5882352941176471
y_XLRE,3,rf,0.5294117647058824
y_XLRE,3,knn,0.3823529411764705
y_XLRE,3,baseline_last,0.3235294117647059
y_XLRE,3,ridge,0.3235294117647059
y_XLRE,3,baseline_zero,0.0
y_XLRE,4,knn,0.59375
y_XLRE,4,rf,0.5625
y_XLRE,4,mlp,0.53125
y_XLRE,4,baseline_last,0.375
y_XLRE,4,ridge,0.34375
y_XLRE,4,baseline_zero,0.0
y_XLRE,5,rf,0.5357142857142857
y_XLRE,5,mlp,0.4642857142857143
y_XLRE,5,baseline_last,0.4285714285714285
y_XLRE,5,knn,0.4285714285714285
y_XLRE,5,ridge,0.3571428571428571
y_XLRE,5,baseline_zero,0.0
y_XLRE,6,knn,0.5172413793103449
y_XLRE,6,rf,0.4827586206896552
y_XLRE,6,baseline_last,0.3793103448275862
y_XLRE,6,mlp,0.3793103448275862
y_XLRE,6,ridge,0.3448275862068966
y_XLRE,6,baseline_zero,0.0344827586206896
y_XLRE,7,rf,0.6
y_XLRE,7,knn,0.5333333333333333
y_XLRE,7,ridge,0.4
y_XLRE,7,mlp,0.3666666666666666
y_XLRE,7,baseline_last,0.2666666666666666
y_XLRE,7,baseline_zero,0.0333333333333333
y_XLRE,8,knn,0.6764705882352942
y_XLRE,8,rf,0.6470588235294118
y_XLRE,8,mlp,0.4705882352941176
y_XLRE,8,ridge,0.4411764705882353
y_XLRE,8,baseline_last,0.2647058823529412
y_XLRE,8,baseline_zero,0.0294117647058823
y_XLRE,9,knn,0.7142857142857143
y_XLRE,9,rf,0.7142857142857143
y_XLRE,9,mlp,0.5142857142857142
y_XLRE,9,ridge,0.4571428571428571
y_XLRE,9,baseline_last,0.2285714285714285
y_XLRE,9,baseline_zero,0.0
y_XLRE,10,rf,0.6
y_XLRE,10,knn,0.5714285714285714
y_XLRE,10,mlp,0.4857142857142857
y_XLRE,10,ridge,0.3714285714285714
y_XLRE,10,baseline_last,0.3142857142857143
y_XLRE,10,baseline_zero,0.0
y_XLRE,11,rf,0.7142857142857143
y_XLRE,11,mlp,0.6
y_XLRE,11,knn,0.5714285714285714
y_XLRE,11,ridge,0.4571428571428571
y_XLRE,11,baseline_last,0.4
y_XLRE,11,baseline_zero,0.0
y_XLRE,12,knn,0.5294117647058824
y_XLRE,12,mlp,0.5294117647058824
y_XLRE,12,rf,0.4411764705882353
y_XLRE,12,ridge,0.4117647058823529
y_XLRE,12,baseline_last,0.3823529411764705
y_XLRE,12,baseline_zero,0.0294117647058823
y_XLRE,13,knn,0.5142857142857142
y_XLRE,13,rf,0.4857142857142857
y_XLRE,13,ridge,0.4285714285714285
y_XLRE,13,mlp,0.3714285714285714
y_XLRE,13,baseline_last,0.2857142857142857
y_XLRE,13,baseline_zero,0.0285714285714285
y_XLRE,14,mlp,0.6176470588235294
y_XLRE,14,rf,0.5588235294117647
y_XLRE,14,knn,0.5
y_XLRE,14,ridge,0.4411764705882353
y_XLRE,14,baseline_last,0.2058823529411764
y_XLRE,14,baseline_zero,0.0588235294117647
y_XLRE,15,rf,0.5588235294117647
y_XLRE,15,knn,0.5
y_XLRE,15,mlp,0.5
y_XLRE,15,ridge,0.4411764705882353
y_XLRE,15,baseline_last,0.1764705882352941
y_XLRE,15,baseline_zero,0.0294117647058823
y_XLRE,16,ridge,0.6363636363636364
y_XLRE,16,knn,0.5151515151515151
y_XLRE,16,mlp,0.5151515151515151
y_XLRE,16,rf,0.3939393939393939
y_XLRE,16,baseline_last,0.2121212121212121
y_XLRE,16,baseline_zero,0.0303030303030303
y_XLRE,17,mlp,0.6060606060606061
y_XLRE,17,ridge,0.5454545454545454
y_XLRE,17,knn,0.4545454545454545
y_XLRE,17,rf,0.3939393939393939
y_XLRE,17,baseline_last,0.2424242424242424
y_XLRE,17,baseline_zero,0.0303030303030303
y_XLRE,18,mlp,0.6470588235294118
y_XLRE,18,ridge,0.5588235294117647
y_XLRE,18,knn,0.4117647058823529
y_XLRE,18,rf,0.3823529411764705
y_XLRE,18,baseline_last,0.2941176470588235
y_XLRE,18,baseline_zero,0.0294117647058823
y_XLRE,19,rf,0.6285714285714286
y_XLRE,19,ridge,0.5428571428571428
y_XLRE,19,mlp,0.5142857142857142
y_XLRE,19,knn,0.3714285714285714
y_XLRE,19,baseline_last,0.2857142857142857
y_XLRE,19,baseline_zero,0.0285714285714285
y_XLRE,20,mlp,0.6470588235294118
y_XLRE,20,rf,0.5882352941176471
y_XLRE,20,ridge,0.4705882352941176
y_XLRE,20,knn,0.4117647058823529
y_XLRE,20,baseline_last,0.2647058823529412
y_XLRE,20,baseline_zero,0.0
y_XLRE,21,knn,0.5862068965517241
y_XLRE,21,ridge,0.4827586206896552
y_XLRE,21,rf,0.4827586206896552
y_XLRE,21,mlp,0.4137931034482758
y_XLRE,21,baseline_last,0.2413793103448276
y_XLRE,21,baseline_zero,0.0
y_XLRE,22,knn,0.4814814814814814
y_XLRE,22,ridge,0.4814814814814814
y_XLRE,22,rf,0.4074074074074074
y_XLRE,22,mlp,0.4074074074074074
y_XLRE,22,baseline_last,0.2962962962962963
y_XLRE,22,baseline_zero,0.0
y_XLRE,23,ridge,0.5862068965517241
y_XLRE,23,mlp,0.5862068965517241
y_XLRE,23,rf,0.5517241379310345
y_XLRE,23,knn,0.3793103448275862
y_XLRE,23,baseline_last,0.2413793103448276
y_XLRE,23,baseline_zero,0.0
y_XLRE,24,ridge,0.6363636363636364
y_XLRE,24,rf,0.5454545454545454
y_XLRE,24,mlp,0.4242424242424242
y_XLRE,24,knn,0.3939393939393939
y_XLRE,24,baseline_last,0.2727272727272727
y_XLRE,24,baseline_zero,0.0
y_XLU,0,mlp,0.5714285714285714
y_XLU,0,knn,0.4571428571428571
y_XLU,0,rf,0.4
y_XLU,0,baseline_last,0.3714285714285714
y_XLU,0,ridge,0.3714285714285714
y_XLU,0,baseline_zero,0.0285714285714285
y_XLU,1,rf,0.4285714285714285
y_XLU,1,mlp,0.4285714285714285
y_XLU,1,knn,0.4
y_XLU,1,baseline_last,0.3428571428571428
y_XLU,1,ridge,0.3142857142857143
y_XLU,1,baseline_zero,0.0285714285714285
y_XLU,2,rf,0.5135135135135135
y_XLU,2,knn,0.4324324324324324
y_XLU,2,mlp,0.3783783783783784
y_XLU,2,ridge,0.3513513513513513
y_XLU,2,baseline_last,0.3243243243243243
y_XLU,2,baseline_zero,0.0
y_XLU,3,rf,0.4117647058823529
y_XLU,3,knn,0.3823529411764705
y_XLU,3,ridge,0.3823529411764705
y_XLU,3,mlp,0.3823529411764705
y_XLU,3,baseline_last,0.2941176470588235
y_XLU,3,baseline_zero,0.0294117647058823
y_XLU,4,knn,0.5625
y_XLU,4,mlp,0.5
y_XLU,4,ridge,0.4375
y_XLU,4,rf,0.4375
y_XLU,4,baseline_last,0.34375
y_XLU,4,baseline_zero,0.03125
y_XLU,5,knn,0.5357142857142857
y_XLU,5,mlp,0.5357142857142857
y_XLU,5,ridge,0.4285714285714285
y_XLU,5,baseline_last,0.3928571428571428
y_XLU,5,rf,0.3928571428571428
y_XLU,5,baseline_zero,0.0357142857142857
y_XLU,6,knn,0.6206896551724138
y_XLU,6,ridge,0.5517241379310345
y_XLU,6,rf,0.5517241379310345
y_XLU,6,mlp,0.5517241379310345
y_XLU,6,baseline_last,0.3793103448275862
y_XLU,6,baseline_zero,0.0
y_XLU,7,knn,0.6
y_XLU,7,ridge,0.5333333333333333
y_XLU,7,rf,0.5
y_XLU,7,mlp,0.4
y_XLU,7,baseline_last,0.2333333333333333
y_XLU,7,baseline_zero,0.0
y_XLU,8,knn,0.6764705882352942
y_XLU,8,rf,0.6470588235294118
y_XLU,8,ridge,0.5882352941176471
y_XLU,8,mlp,0.5588235294117647
y_XLU,8,baseline_last,0.2352941176470588
y_XLU,8,baseline_zero,0.0
y_XLU,9,rf,0.6857142857142857
y_XLU,9,knn,0.6
y_XLU,9,ridge,0.5714285714285714
y_XLU,9,mlp,0.5714285714285714
y_XLU,9,baseline_last,0.2
y_XLU,9,baseline_zero,0.0
y_XLU,10,rf,0.6571428571428571
y_XLU,10,knn,0.6285714285714286
y_XLU,10,mlp,0.5428571428571428
y_XLU,10,ridge,0.4571428571428571
y_XLU,10,baseline_last,0.3142857142857143
y_XLU,10,baseline_zero,0.0
y_XLU,11,rf,0.6857142857142857
y_XLU,11,mlp,0.5714285714285714
y_XLU,11,knn,0.4571428571428571
y_XLU,11,ridge,0.4571428571428571
y_XLU,11,baseline_last,0.2857142857142857
y_XLU,11,baseline_zero,0.0
y_XLU,12,rf,0.6470588235294118
y_XLU,12,mlp,0.5294117647058824
y_XLU,12,knn,0.5
y_XLU,12,ridge,0.5
y_XLU,12,baseline_last,0.3529411764705882
y_XLU,12,baseline_zero,0.0
y_XLU,13,ridge,0.5428571428571428
y_XLU,13,knn,0.4857142857142857
y_XLU,13,rf,0.4857142857142857
y_XLU,13,mlp,0.4571428571428571
y_XLU,13,baseline_last,0.3428571428571428
y_XLU,13,baseline_zero,0.0
y_XLU,14,knn,0.5588235294117647
y_XLU,14,ridge,0.5588235294117647
y_XLU,14,mlp,0.4117647058823529
y_XLU,14,baseline_last,0.3823529411764705
y_XLU,14,rf,0.3235294117647059
y_XLU,14,baseline_zero,0.0
y_XLU,15,mlp,0.6764705882352942
y_XLU,15,knn,0.5588235294117647
y_XLU,15,ridge,0.5
y_XLU,15,rf,0.4705882352941176
y_XLU,15,baseline_last,0.3823529411764705
y_XLU,15,baseline_zero,0.0
y_XLU,16,knn,0.5454545454545454
y_XLU,16,baseline_last,0.4848484848484848
y_XLU,16,mlp,0.4242424242424242
y_XLU,16,ridge,0.3939393939393939
y_XLU,16,rf,0.3636363636363636
y_XLU,16,baseline_zero,0.0
y_XLU,17,ridge,0.5757575757575758
y_XLU,17,mlp,0.4848484848484848
y_XLU,17,baseline_last,0.4545454545454545
y_XLU,17,knn,0.4545454545454545
y_XLU,17,rf,0.3939393939393939
y_XLU,17,baseline_zero,0.0
y_XLU,18,baseline_last,0.5294117647058824
y_XLU,18,ridge,0.5294117647058824
y_XLU,18,knn,0.4705882352941176
y_XLU,18,rf,0.3823529411764705
y_XLU,18,mlp,0.3235294117647059
y_XLU,18,baseline_zero,0.0
y_XLU,19,knn,0.4857142857142857
y_XLU,19,rf,0.4857142857142857
y_XLU,19,ridge,0.4285714285714285
y_XLU,19,baseline_last,0.4
y_XLU,19,mlp,0.4
y_XLU,19,baseline_zero,0.0
y_XLU,20,knn,0.5882352941176471
y_XLU,20,rf,0.5882352941176471
y_XLU,20,mlp,0.5882352941176471
y_XLU,20,ridge,0.4117647058823529
y_XLU,20,baseline_last,0.3823529411764705
y_XLU,20,baseline_zero,0.0
y_XLU,21,knn,0.6206896551724138
y_XLU,21,rf,0.4827586206896552
y_XLU,21,mlp,0.4827586206896552
y_XLU,21,ridge,0.3448275862068966
y_XLU,21,baseline_last,0.2413793103448276
y_XLU,21,baseline_zero,0.0
y_XLU,22,mlp,0.5925925925925926
y_XLU,22,knn,0.5185185185185185
y_XLU,22,rf,0.4814814814814814
y_XLU,22,ridge,0.4444444444444444
y_XLU,22,baseline_last,0.2962962962962963
y_XLU,22,baseline_zero,0.0
y_XLU,23,knn,0.5517241379310345
y_XLU,23,mlp,0.5172413793103449
y_XLU,23,ridge,0.4482758620689655
y_XLU,23,rf,0.4482758620689655
y_XLU,23,baseline_last,0.3103448275862069
y_XLU,23,baseline_zero,0.0344827586206896
y_XLU,24,rf,0.6060606060606061
y_XLU,24,knn,0.4545454545454545
y_XLU,24,mlp,0.4545454545454545
y_XLU,24,ridge,0.3939393939393939
y_XLU,24,baseline_last,0.3333333333333333
y_XLU,24,baseline_zero,0.0303030303030303
y_XLV,0,mlp,0.6285714285714286
y_XLV,0,rf,0.6
y_XLV,0,ridge,0.5714285714285714
y_XLV,0,baseline_last,0.4857142857142857
y_XLV,0,knn,0.4
y_XLV,0,baseline_zero,0.0
y_XLV,1,mlp,0.5428571428571428
y_XLV,1,knn,0.5142857142857142
y_XLV,1,ridge,0.5142857142857142
y_XLV,1,baseline_last,0.4
y_XLV,1,rf,0.2571428571428571
y_XLV,1,baseline_zero,0.0
y_XLV,2,knn,0.5135135135135135
y_XLV,2,ridge,0.4864864864864865
y_XLV,2,baseline_last,0.4594594594594595
y_XLV,2,rf,0.4594594594594595
y_XLV,2,mlp,0.4594594594594595
y_XLV,2,baseline_zero,0.0
y_XLV,3,knn,0.5588235294117647
y_XLV,3,baseline_last,0.5294117647058824
y_XLV,3,mlp,0.4705882352941176
y_XLV,3,rf,0.4411764705882353
y_XLV,3,ridge,0.2941176470588235
y_XLV,3,baseline_zero,0.0
y_XLV,4,baseline_last,0.59375
y_XLV,4,knn,0.5625
y_XLV,4,mlp,0.5625
y_XLV,4,rf,0.5
y_XLV,4,ridge,0.21875
y_XLV,4,baseline_zero,0.0
y_XLV,5,mlp,0.5714285714285714
y_XLV,5,knn,0.5357142857142857
y_XLV,5,ridge,0.5357142857142857
y_XLV,5,baseline_last,0.4642857142857143
y_XLV,5,rf,0.2857142857142857
y_XLV,5,baseline_zero,0.0
y_XLV,6,knn,0.5172413793103449
y_XLV,6,ridge,0.5172413793103449
y_XLV,6,rf,0.5172413793103449
y_XLV,6,mlp,0.3793103448275862
y_XLV,6,baseline_last,0.3448275862068966
y_XLV,6,baseline_zero,0.0
y_XLV,7,rf,0.5666666666666667
y_XLV,7,knn,0.5333333333333333
y_XLV,7,ridge,0.4333333333333333
y_XLV,7,mlp,0.4333333333333333
y_XLV,7,baseline_last,0.2666666666666666
y_XLV,7,baseline_zero,0.0
y_XLV,8,mlp,0.5882352941176471
y_XLV,8,knn,0.5588235294117647
y_XLV,8,rf,0.5
y_XLV,8,ridge,0.4411764705882353
y_XLV,8,baseline_last,0.2941176470588235
y_XLV,8,baseline_zero,0.0
y_XLV,9,knn,0.6
y_XLV,9,ridge,0.5428571428571428
y_XLV,9,rf,0.5142857142857142
y_XLV,9,mlp,0.4
y_XLV,9,baseline_last,0.2571428571428571
y_XLV,9,baseline_zero,0.0
y_XLV,10,knn,0.5428571428571428
y_XLV,10,ridge,0.4857142857142857
y_XLV,10,mlp,0.4857142857142857
y_XLV,10,rf,0.4571428571428571
y_XLV,10,baseline_last,0.3428571428571428
y_XLV,10,baseline_zero,0.0
y_XLV,11,ridge,0.5428571428571428
y_XLV,11,knn,0.5142857142857142
y_XLV,11,mlp,0.4
y_XLV,11,baseline_last,0.3714285714285714
y_XLV,11,rf,0.3714285714285714
y_XLV,11,baseline_zero,0.0
y_XLV,12,rf,0.5
y_XLV,12,baseline_last,0.4411764705882353
y_XLV,12,knn,0.4117647058823529
y_XLV,12,ridge,0.4117647058823529
y_XLV,12,mlp,0.3823529411764705
y_XLV,12,baseline_zero,0.0
y_XLV,13,mlp,0.5428571428571428
y_XLV,13,ridge,0.5142857142857142
y_XLV,13,knn,0.4
y_XLV,13,baseline_last,0.3714285714285714
y_XLV,13,rf,0.3428571428571428
y_XLV,13,baseline_zero,0.0
y_XLV,14,ridge,0.5
y_XLV,14,mlp,0.5
y_XLV,14,knn,0.4411764705882353
y_XLV,14,baseline_last,0.3823529411764705
y_XLV,14,rf,0.3235294117647059
y_XLV,14,baseline_zero,0.0
y_XLV,15,ridge,0.5882352941176471
y_XLV,15,mlp,0.4411764705882353
y_XLV,15,baseline_last,0.3823529411764705
y_XLV,15,knn,0.3823529411764705
y_XLV,15,rf,0.3529411764705882
y_XLV,15,baseline_zero,0.0
y_XLV,16,ridge,0.5454545454545454
y_XLV,16,knn,0.5151515151515151
y_XLV,16,mlp,0.4545454545454545
y_XLV,16,baseline_last,0.3636363636363636
y_XLV,16,rf,0.3333333333333333
y_XLV,16,baseline_zero,0.0303030303030303
y_XLV,17,ridge,0.5454545454545454
y_XLV,17,mlp,0.4545454545454545
y_XLV,17,rf,0.3636363636363636
y_XLV,17,baseline_last,0.3333333333333333
y_XLV,17,knn,0.303030303030303
y_XLV,17,baseline_zero,0.0303030303030303
y_XLV,18,ridge,0.4705882352941176
y_XLV,18,rf,0.4411764705882353
y_XLV,18,knn,0.3823529411764705
y_XLV,18,baseline_last,0.3235294117647059
y_XLV,18,mlp,0.2647058823529412
y_XLV,18,baseline_zero,0.0294117647058823
y_XLV,19,mlp,0.5142857142857142
y_XLV,19,ridge,0.4857142857142857
y_XLV,19,baseline_last,0.4
y_XLV,19,rf,0.3714285714285714
y_XLV,19,knn,0.3428571428571428
y_XLV,19,baseline_zero,0.0
y_XLV,20,mlp,0.5294117647058824
y_XLV,20,knn,0.5
y_XLV,20,ridge,0.4705882352941176
y_XLV,20,baseline_last,0.3823529411764705
y_XLV,20,rf,0.3529411764705882
y_XLV,20,baseline_zero,0.0
y_XLV,21,knn,0.5517241379310345
y_XLV,21,rf,0.5172413793103449
y_XLV,21,ridge,0.4482758620689655
y_XLV,21,baseline_last,0.4137931034482758
y_XLV,21,mlp,0.4137931034482758
y_XLV,21,baseline_zero,0.0
y_XLV,22,knn,0.5185185185185185
y_XLV,22,ridge,0.4814814814814814
y_XLV,22,rf,0.3703703703703703
y_XLV,22,mlp,0.3703703703703703
y_XLV,22,baseline_last,0.3333333333333333
y_XLV,22,baseline_zero,0.0
y_XLV,23,knn,0.6206896551724138
y_XLV,23,mlp,0.4827586206896552
y_XLV,23,ridge,0.4137931034482758
y_XLV,23,rf,0.3103448275862069
y_XLV,23,baseline_last,0.2758620689655172
y_XLV,23,baseline_zero,0.0
y_XLV,24,knn,0.6363636363636364
y_XLV,24,mlp,0.5454545454545454
y_XLV,24,ridge,0.4545454545454545
y_XLV,24,rf,0.303030303030303
y_XLV,24,baseline_last,0.2727272727272727
y_XLV,24,baseline_zero,0.0
y_XLY,0,ridge,0.5714285714285714
y_XLY,0,mlp,0.5142857142857142
y_XLY,0,knn,0.3714285714285714
y_XLY,0,baseline_last,0.3142857142857143
y_XLY,0,rf,0.3142857142857143
y_XLY,0,baseline_zero,0.0
y_XLY,1,mlp,0.6
y_XLY,1,ridge,0.5142857142857142
y_XLY,1,rf,0.4571428571428571
y_XLY,1,baseline_last,0.4
y_XLY,1,knn,0.4
y_XLY,1,baseline_zero,0.0
y_XLY,2,mlp,0.5945945945945946
y_XLY,2,rf,0.5405405405405406
y_XLY,2,ridge,0.5135135135135135
y_XLY,2,knn,0.4324324324324324
y_XLY,2,baseline_last,0.4054054054054054
y_XLY,2,baseline_zero,0.0
y_XLY,3,rf,0.5294117647058824
y_XLY,3,ridge,0.5
y_XLY,3,mlp,0.5
y_XLY,3,knn,0.4705882352941176
y_XLY,3,baseline_last,0.4117647058823529
y_XLY,3,baseline_zero,0.0
y_XLY,4,rf,0.53125
y_XLY,4,knn,0.4375
y_XLY,4,mlp,0.4375
y_XLY,4,ridge,0.40625
y_XLY,4,baseline_last,0.34375
y_XLY,4,baseline_zero,0.0
y_XLY,5,rf,0.5714285714285714
y_XLY,5,mlp,0.5357142857142857
y_XLY,5,ridge,0.5
y_XLY,5,knn,0.4642857142857143
y_XLY,5,baseline_last,0.1785714285714285
y_XLY,5,baseline_zero,0.0
y_XLY,6,ridge,0.5862068965517241
y_XLY,6,rf,0.5862068965517241
y_XLY,6,knn,0.4827586206896552
y_XLY,6,mlp,0.4827586206896552
y_XLY,6,baseline_last,0.0689655172413793
y_XLY,6,baseline_zero,0.0
y_XLY,7,knn,0.6333333333333333
y_XLY,7,mlp,0.6
y_XLY,7,rf,0.5666666666666667
y_XLY,7,ridge,0.5333333333333333
y_XLY,7,baseline_last,0.1666666666666666
y_XLY,7,baseline_zero,0.0
y_XLY,8,knn,0.5882352941176471
y_XLY,8,ridge,0.5882352941176471
y_XLY,8,rf,0.4117647058823529
y_XLY,8,mlp,0.3823529411764705
y_XLY,8,baseline_last,0.1764705882352941
y_XLY,8,baseline_zero,0.0
y_XLY,9,ridge,0.5714285714285714
y_XLY,9,mlp,0.5428571428571428
y_XLY,9,knn,0.4857142857142857
y_XLY,9,rf,0.4571428571428571
y_XLY,9,baseline_last,0.2285714285714285
y_XLY,9,baseline_zero,0.0
y_XLY,10,rf,0.5714285714285714
y_XLY,10,ridge,0.5142857142857142
y_XLY,10,knn,0.4285714285714285
y_XLY,10,mlp,0.4
y_XLY,10,baseline_last,0.2285714285714285
y_XLY,10,baseline_zero,0.0
y_XLY,11,mlp,0.5142857142857142
y_XLY,11,knn,0.4857142857142857
y_XLY,11,ridge,0.4285714285714285
y_XLY,11,rf,0.4285714285714285
y_XLY,11,baseline_last,0.3142857142857143
y_XLY,11,baseline_zero,0.0
y_XLY,12,knn,0.5
y_XLY,12,rf,0.4411764705882353
y_XLY,12,mlp,0.4411764705882353
y_XLY,12,baseline_last,0.3529411764705882
y_XLY,12,ridge,0.3529411764705882
y_XLY,12,baseline_zero,0.0
y_XLY,13,mlp,0.5428571428571428
y_XLY,13,knn,0.4571428571428571
y_XLY,13,rf,0.4571428571428571
y_XLY,13,baseline_last,0.3428571428571428
y_XLY,13,ridge,0.3428571428571428
y_XLY,13,baseline_zero,0.0
y_XLY,14,mlp,0.5
y_XLY,14,knn,0.4411764705882353
y_XLY,14,baseline_last,0.3823529411764705
y_XLY,14,ridge,0.3823529411764705
y_XLY,14,rf,0.3823529411764705
y_XLY,14,baseline_zero,0.0
y_XLY,15,baseline_last,0.4411764705882353
y_XLY,15,knn,0.4411764705882353
y_XLY,15,rf,0.3529411764705882
y_XLY,15,ridge,0.3235294117647059
y_XLY,15,mlp,0.2941176470588235
y_XLY,15,baseline_zero,0.0
y_XLY,16,rf,0.6666666666666666
y_XLY,16,mlp,0.5757575757575758
y_XLY,16,knn,0.5454545454545454
y_XLY,16,baseline_last,0.4242424242424242
y_XLY,16,ridge,0.4242424242424242
y_XLY,16,baseline_zero,0.0
y_XLY,17,rf,0.5151515151515151
y_XLY,17,mlp,0.4848484848484848
y_XLY,17,knn,0.4242424242424242
y_XLY,17,ridge,0.4242424242424242
y_XLY,17,baseline_last,0.3333333333333333
y_XLY,17,baseline_zero,0.0
y_XLY,18,rf,0.6176470588235294
y_XLY,18,mlp,0.5
y_XLY,18,ridge,0.4411764705882353
y_XLY,18,baseline_last,0.2352941176470588
y_XLY,18,knn,0.2352941176470588
y_XLY,18,baseline_zero,0.0
y_XLY,19,rf,0.6
y_XLY,19,ridge,0.4857142857142857
y_XLY,19,mlp,0.4857142857142857
y_XLY,19,knn,0.2857142857142857
y_XLY,19,baseline_last,0.1714285714285714
y_XLY,19,baseline_zero,0.0
y_XLY,20,rf,0.5294117647058824
y_XLY,20,knn,0.4705882352941176
y_XLY,20,ridge,0.4117647058823529
y_XLY,20,mlp,0.4117647058823529
y_XLY,20,baseline_last,0.2058823529411764
y_XLY,20,baseline_zero,0.0
y_XLY,21,mlp,0.5862068965517241
y_XLY,21,knn,0.5172413793103449
y_XLY,21,ridge,0.4482758620689655
y_XLY,21,rf,0.4482758620689655
y_XLY,21,baseline_last,0.2068965517241379
y_XLY,21,baseline_zero,0.0
y_XLY,22,knn,0.4444444444444444
y_XLY,22,ridge,0.4074074074074074
y_XLY,22,rf,0.3703703703703703
y_XLY,22,mlp,0.3333333333333333
y_XLY,22,baseline_last,0.2592592592592592
y_XLY,22,baseline_zero,0.0
y_XLY,23,rf,0.5517241379310345
y_XLY,23,knn,0.5172413793103449
y_XLY,23,mlp,0.4827586206896552
y_XLY,23,ridge,0.4482758620689655
y_XLY,23,baseline_last,0.3103448275862069
y_XLY,23,baseline_zero,0.0
y_XLY,24,rf,0.6060606060606061
y_XLY,24,mlp,0.5454545454545454
y_XLY,24,knn,0.4848484848484848
y_XLY,24,ridge,0.4848484848484848
y_XLY,24,baseline_last,0.3333333333333333
y_XLY,24,baseline_zero,0.0
