target,mae_mean,mae_std,rmse_mean,rmse_std,r2_mean,r2_std,directional_accuracy_mean,directional_accuracy_std,hit_rate_mean,hit_rate_std,pearson_mean,pearson_std,spearman_mean,spearman_std,n_folds,n_samples,model
y_BTC-USD,0.0168576838246136,0.003518932924336,0.0233706510692567,0.0055349542023361,-0.0211858721995577,0.027188962759016,0.0,0.0,0.0,0.0,,,,,25,1500,baseline_zero
y_GLD,0.008753446084152,0.0033096880425177,0.01168634575814,0.0054424704580064,-0.0347898801650237,0.0410881655102977,0.0,0.0,0.0,0.0,,,,,25,823,baseline_zero
y_TLT,0.0058719188473064,0.0011861043543133,0.0073000618233073,0.0015004781408185,-0.026196845543141,0.0243862364352715,0.0035314489432136,0.0095663447320482,0.0035314489432136,0.0095663447320482,,,,,25,823,baseline_zero
y_UUP,0.0034637155074104,0.0007881604384478,0.0044089311675435,0.0010735832268227,-0.0305865715467138,0.0318070466894591,0.0286517418079284,0.023860054508659,0.0286517418079284,0.023860054508659,,,,,25,823,baseline_zero
y_XLB,0.008523456754864,0.002480164668836,0.0112356316226326,0.0047225287998508,-0.0321558961702389,0.0461046152383644,0.0119449961802903,0.0269098036576554,0.0119449961802903,0.0269098036576554,,,,,25,823,baseline_zero
y_XLC,0.0075152540598355,0.00299813945913,0.009985373387897,0.0050611928974574,-0.0323515713832935,0.0389513012161139,0.0067335907335907,0.0182416248184081,0.0067335907335907,0.0182416248184081,,,,,25,823,baseline_zero
y_XLE,0.0107088680691301,0.0029051877328789,0.0142360083153374,0.0057449288894883,-0.0210662999932523,0.0335349553534626,0.011372264126828,0.0174979452244911,0.011372264126828,0.0174979452244911,,,,,25,823,baseline_zero
y_XLF,0.0078431695431715,0.0023457123898134,0.0111594716929655,0.0046605127064005,-0.0316062060929828,0.0325069581677393,0.010453781512605,0.0181342590779339,0.010453781512605,0.0181342590779339,,,,,25,823,baseline_zero
y_XLI,0.0077838293754463,0.0027802737914202,0.0105122593240069,0.004938924883302,-0.0238579798009555,0.0387691904122826,0.0,0.0,0.0,0.0,,,,,25,823,baseline_zero
y_XLK,0.011130983117573,0.0040700442054532,0.0151066318702666,0.0069305287279834,-0.0212870899636014,0.024002964828157,0.0,0.0,0.0,0.0,,,,,25,823,baseline_zero
y_XLP,0.0063763933274137,0.0016653655329879,0.0080375106277312,0.0024962615827965,-0.029927961732969,0.0516090348701581,0.0143265983509391,0.0191347707336485,0.0143265983509391,0.0191347707336485,,,,,25,823,baseline_zero
y_XLRE,0.0075138286461207,0.0019127425319374,0.0099546676191726,0.0030859084699358,-0.0188717648909842,0.0233079288677591,0.020133933570039,0.0198156279135268,0.020133933570039,0.0198156279135268,,,,,25,823,baseline_zero
y_XLU,0.0075873178309644,0.0014105855453112,0.0099258479017048,0.0023873932107944,-0.030085436904815,0.0299514726335359,0.0087321878594698,0.0140724331026764,0.0087321878594698,0.0140724331026764,,,,,25,823,baseline_zero
y_XLV,0.0075818372664086,0.0020586453574619,0.0098573370333621,0.0030180353139792,-0.0328937473163783,0.0335078092900275,0.0036007130124777,0.0097518630819987,0.0036007130124777,0.0097518630819987,,,,,25,823,baseline_zero
y_XLY,0.0102225275291166,0.0033577146391536,0.013606449757084,0.0053492890353465,-0.0291777115653659,0.0381679194967993,0.0,0.0,0.0,0.0,,,,,25,823,baseline_zero
y_BTC-USD,0.0256676185022877,0.005918115210195,0.03349788064413,0.0088810215610888,-1.08276339594131,0.2148941404743549,0.4933333333333333,0.0478423336480244,0.4933333333333333,0.0478423336480244,-0.0385322645967821,0.1091917431130261,-0.0365901639344262,0.0961620870223139,25,1500,baseline_last
y_GLD,0.011484975179227,0.0048920893221542,0.0152408227919874,0.0070629873757591,-0.7773159839442428,0.333296127365956,0.3187361858447051,0.0757892338070831,0.3187361858447051,0.0757892338070831,-0.028089238087349,0.1747711230161615,-0.058463232076181,0.1844752938412034,25,823,baseline_last
y_TLT,0.007537249989773,0.0014966966409477,0.0096391102850792,0.0022001250072678,-0.7876883383772421,0.2190897927691691,0.3473534052017824,0.0628014797609854,0.3473534052017824,0.0628014797609854,-0.043896709398508,0.1322501968854909,-0.0487400350799713,0.1391807486006541,25,823,baseline_last
y_UUP,0.0045612939404204,0.0011532559208381,0.0058875336499423,0.0016112834853258,-0.8387364317900498,0.3622620122533834,0.3163699308750018,0.058090992080327,0.3163699308750018,0.058090992080327,-0.0531454206726303,0.1895549303251356,-0.0484332854753277,0.1668992087504806,25,823,baseline_last
y_XLB,0.0109715978518817,0.0037235120535537,0.0151815794194969,0.00752352298504,-0.832334214667089,0.3390311051861776,0.3458560526557484,0.0768492301504595,0.3458560526557484,0.0768492301504595,-0.0459395955409617,0.2022143524035187,-0.0491989923137067,0.1842467016357762,25,823,baseline_last
y_XLC,0.009639726020801,0.0043477965573892,0.0128300969132568,0.007624783068168,-0.637999890350276,0.294959185017788,0.3893064368008587,0.0925625971433742,0.3893064368008587,0.0925625971433742,0.0386693921821849,0.1833001948533922,-0.0015835980515973,0.2133780316802336,25,823,baseline_last
y_XLE,0.0140115629909876,0.0039354756429445,0.0186272145487794,0.0079258841617455,-0.7424365402727001,0.3267403144223058,0.3608439582465952,0.0673145323566614,0.3608439582465952,0.0673145323566614,0.0069524443258598,0.1521702380698422,0.013053715145499,0.1585049236898638,25,823,baseline_last
y_XLF,0.01019609396994,0.0033227881978755,0.0142254569312567,0.0061249023241405,-0.6697428527473147,0.2828054435955848,0.3241467854409031,0.0542728885944104,0.3241467854409031,0.0542728885944104,0.0022456972346481,0.169901488450924,-0.0742742846802974,0.1663636639262153,25,823,baseline_last
y_XLI,0.0101927974155167,0.0034140463824229,0.0137826148748528,0.0066926464601062,-0.7610776804024983,0.3102619286858051,0.3046477700007111,0.0791930658495757,0.3046477700007111,0.0791930658495757,-0.0340084827700665,0.189458874258648,-0.105446798484506,0.2082629293902852,25,823,baseline_last
y_XLK,0.01489310911201,0.0055883243916303,0.0201914787041802,0.0108090117183019,-0.7607436091248363,0.337110195090063,0.3493916258333094,0.0990161365174202,0.3493916258333094,0.0990161365174202,-0.0379508704385013,0.1760038905033633,-0.0510265191391066,0.1917030795926036,25,823,baseline_last
y_XLP,0.0085304579447809,0.0025297935045041,0.0106641720473542,0.0034688844493699,-0.8150869587104919,0.2506016610091389,0.2976059781364041,0.0732912500596805,0.2976059781364041,0.0732912500596805,-0.0304454136054575,0.136526257090928,-0.0864190485244726,0.1423057829089946,25,823,baseline_last
y_XLRE,0.0103497887491304,0.0028904026540963,0.0135873862255798,0.0047516777007307,-0.8850728521472585,0.2786028900557997,0.3057789906816276,0.075600946061094,0.3057789906816276,0.075600946061094,-0.0673699284522655,0.1682252042661318,-0.1179135815657269,0.1783302797901902,25,823,baseline_last
y_XLU,0.0101814519342244,0.0022893062082715,0.0129041708411758,0.0030502106266002,-0.7482788744842636,0.1567358675834735,0.3444115695540645,0.0760153232722602,0.3444115695540645,0.0760153232722602,-0.0620232721272798,0.1381451440862169,-0.0665348097298539,0.1501248683149061,25,823,baseline_last
y_XLV,0.0097887447156189,0.0030028372026625,0.0128651426763523,0.004536307369534,-0.7386432675680067,0.2580862100462508,0.3794216179312528,0.0816189300938495,0.3794216179312528,0.0816189300938495,0.0062154638839131,0.1668727144102303,-0.0219338120703411,0.1811761404320806,25,823,baseline_last
y_XLY,0.0141714410760514,0.0051083429583044,0.018868324146255,0.0087485574273978,-0.9287488710091544,0.3187488057047145,0.28946604401219,0.0966507842597909,0.28946604401219,0.0966507842597909,-0.1229003869807789,0.1924006889712901,-0.1289284368852611,0.2414042456878996,25,823,baseline_last
y_BTC-USD,0.0187913787611575,0.0038233743407905,0.0252203479153699,0.0058456708420555,-0.197701641017573,0.1287380887642809,0.4946666666666666,0.0504909232766973,0.4946666666666666,0.0504909232766973,-0.0005315288405612,0.1069241120118405,-0.0026308077627985,0.098943941785421,25,1500,knn
y_GLD,0.0090729472387809,0.0033816647883629,0.0119825143279547,0.0054930582060786,-0.0956349176721137,0.0882930590653981,0.4363616795913956,0.0665095778646725,0.4363616795913956,0.0665095778646725,-0.0380559936545002,0.1528898883091905,-0.0381072394617372,0.1648843274504405,25,823,knn
y_TLT,0.0063631453392332,0.0008368719328032,0.0079374087933537,0.0010545065287745,-0.2724075301624052,0.2679514773755143,0.4832852846656091,0.0663471962446302,0.4832852846656091,0.0663471962446302,0.0016130816403266,0.1303717366592977,-0.0123528019805083,0.1039135781443005,25,823,knn
y_UUP,0.0035211031198754,0.0007631462466079,0.004601648937429,0.001133519553292,-0.128734003056212,0.0963341434691642,0.50561208606594,0.0654405876328017,0.50561208606594,0.0654405876328017,-0.054560572838192,0.1600952278730329,-0.0010370235453671,0.1481184951320163,25,823,knn
y_XLB,0.0090688981866135,0.0025946069862453,0.0118736643906375,0.0048275311386556,-0.1687619547339142,0.1558042376605219,0.490097870340771,0.0970519055364066,0.490097870340771,0.0970519055364066,-0.0131590437079747,0.1712304429152659,-0.013800761161201,0.1796194449922916,25,823,knn
y_XLC,0.0080834159667564,0.0030572567065176,0.010687931005215,0.0049210956334401,-0.2245009296087703,0.1609696847543673,0.4754318295667181,0.063158944302959,0.4754318295667181,0.063158944302959,-0.0318334293213629,0.1544747802834973,-0.0027162280881832,0.1631183053615467,25,823,knn
y_XLE,0.0112841914128171,0.0028831295711807,0.0147915150515334,0.0056651854204447,-0.1189535775347603,0.145061525362408,0.4764126842985869,0.0821778784824159,0.4764126842985869,0.0821778784824159,0.0808805188911725,0.1511514583506641,0.0785490142160439,0.1768474031424004,25,823,knn
y_XLF,0.0082908681954435,0.0023296995129041,0.011754602231038,0.0046431287172587,-0.162948509947971,0.132968988801213,0.4816213436243862,0.0978929344390646,0.4816213436243862,0.0978929344390646,-0.0286947790186594,0.1657676908119557,0.0067260517775036,0.1579122163479193,25,823,knn
y_XLI,0.008257805439694,0.0027733357165957,0.0112113840695856,0.0048688237436906,-0.1975520151526982,0.191684517408826,0.5077713642490519,0.0919460677980939,0.5077713642490519,0.0919460677980939,-0.0508157818344205,0.1564744504783042,0.0032408573292355,0.1578083302238178,25,823,knn
y_XLK,0.0117342247651591,0.0042272745897384,0.0157247812200919,0.0069613931451681,-0.1173716880457485,0.0978504493224556,0.4802654805367787,0.0969320155330827,0.4802654805367787,0.0969320155330827,-0.0254788295128215,0.1857379066018208,-0.0313444965981943,0.1790437169196164,25,823,knn
y_XLP,0.0065167674637568,0.0016539139978594,0.0081325660407685,0.0024999601430098,-0.058560701255328,0.0996431500967376,0.4753992635980466,0.0920543551727237,0.4753992635980466,0.0920543551727237,0.0315187672169802,0.2241254508402293,0.0121114343343357,0.1946862091692496,25,823,knn
y_XLRE,0.0080650294039036,0.0016674337848696,0.0106377790404456,0.0028958895826321,-0.2045183966934008,0.2066925399436529,0.4986380921700394,0.087384842831668,0.4986380921700394,0.087384842831668,0.05939127780369,0.1813405973222257,0.0863280398977395,0.1775208295033638,25,823,knn
y_XLU,0.0078634880795957,0.0013141609183575,0.0102794022166652,0.0024030384597324,-0.1115814923580103,0.089562552839138,0.525855758856773,0.0755112343077721,0.525855758856773,0.0755112343077721,-0.0514294278104471,0.1879791479593822,-0.0078590756452897,0.2024954135263,25,823,knn
y_XLV,0.0077390075370049,0.0021745016112047,0.0100859631057425,0.0030904881974913,-0.0819141629229,0.0968225164579234,0.4942944043988668,0.0857791159818893,0.4942944043988668,0.0857791159818893,0.0286489678277099,0.1700953942595253,0.0191412978101421,0.1840388132615439,25,823,knn
y_XLY,0.0107886970007926,0.0034562983679233,0.0142308716102894,0.0053711542277539,-0.1398859756255945,0.116461125768847,0.457805091846674,0.080331531948325,0.457805091846674,0.080331531948325,0.0064185831423843,0.171189583882606,0.026316427984227,0.1978255794516137,25,823,knn
y_BTC-USD,0.0322570946456777,0.0066393466816976,0.0471887112313881,0.0146627292744578,-3.987227820143915,3.7985152821178407,0.4673333333333333,0.0495490778028321,0.4673333333333333,0.0495490778028321,-0.0700374606396754,0.1172661234874346,-0.0848435676576827,0.0979982180400121,25,1500,ridge
y_GLD,0.0189088486159646,0.0053503355369773,0.0256333909275882,0.0076427829618145,-6.930298828029295,6.523408428556269,0.4495346548176162,0.0840820015715123,0.4495346548176162,0.0840820015715123,-0.0474109197263478,0.1975577155655437,-0.0674309045825987,0.2095748854064971,25,823,ridge
y_TLT,0.0215356397988962,0.0079299654229983,0.0327168564415851,0.0144103876435837,-21.52171935838392,14.441282006836415,0.4700585826402256,0.0954198564794924,0.4700585826402256,0.0954198564794924,-0.0691953104015534,0.117131160081698,-0.0910969113357818,0.133769514837828,25,823,ridge
y_UUP,0.0097337445152883,0.0039270263255482,0.0137925460001989,0.0064642911286604,-12.023891512303925,10.126001842745032,0.4499136453832195,0.0775978488236027,0.4499136453832195,0.0775978488236027,-0.0842147629568526,0.203643892346579,-0.10024115031348,0.2173121611256387,25,823,ridge
y_XLB,0.0270174859037295,0.0088895222175959,0.0388488100259048,0.0157537100303012,-18.753821087308843,21.363918772080677,0.451701231169791,0.1119351829680792,0.451701231169791,0.1119351829680792,-0.0823702757804281,0.2055981814450308,-0.1163782331425933,0.230046460278357,25,823,ridge
y_XLC,0.0278122492619836,0.0096231434702456,0.0416915922252662,0.0175875382635422,-24.01619297513732,20.67314003168015,0.4808690301560483,0.1077881333917521,0.4808690301560483,0.1077881333917521,-0.042331581448587,0.1517439244264219,-0.0786306196994067,0.1980162230757091,25,823,ridge
y_XLE,0.0308203276631946,0.0101687248341251,0.0410893134166333,0.0135408120629646,-8.763686467457752,4.982698977988488,0.5109376985781651,0.1043812007656169,0.5109376985781651,0.1043812007656169,0.0370770436012449,0.1690300834065841,0.0423314345376834,0.1701652877342126,25,823,ridge
y_XLF,0.0251856566259546,0.0076590823459155,0.0353964751095192,0.0113972113669667,-11.769828817148356,8.091093512745609,0.4572674691036759,0.0934528942806597,0.4572674691036759,0.0934528942806597,-0.0767821322415512,0.1036933554275454,-0.1017208543415302,0.1503509286636163,25,823,ridge
y_XLI,0.0229821103442856,0.0082911325017475,0.0324230395956207,0.0131889487594759,-12.06790063700828,10.931540118352448,0.4510578412571313,0.0673692033004165,0.4510578412571313,0.0673692033004165,-0.0331361990576134,0.1655113063803642,-0.0757197016163635,0.163608480505192,25,823,ridge
y_XLK,0.0334302515835073,0.0120501012634626,0.0485376859102177,0.0192339565253146,-12.728141921784047,9.709676513308766,0.495132721345196,0.0846278296907936,0.495132721345196,0.0846278296907936,-0.0399865662913739,0.1634840296293702,-0.059358595079909,0.1871322315039816,25,823,ridge
y_XLP,0.0190459672566296,0.0054076817816748,0.0277037379431664,0.0098669997193713,-16.758721116258258,16.168489273602876,0.4641931860009953,0.1178605647136392,0.4641931860009953,0.1178605647136392,-0.0791463402908562,0.1735492226231965,-0.096435211236713,0.1821917057951368,25,823,ridge
y_XLRE,0.0271797265091494,0.0097699327204222,0.0406004331281908,0.0149003624827815,-20.27806939555053,15.262155340710413,0.4534006794721804,0.0872568600828345,0.4534006794721804,0.0872568600828345,-0.0781042852141977,0.0915214250404388,-0.1263144668079377,0.1357326478093642,25,823,ridge
y_XLU,0.0229192698834473,0.0070944271134718,0.0342390483471221,0.012944138194671,-14.754279522931816,14.28175242753673,0.4606843954278031,0.0786885523936005,0.4606843954278031,0.0786885523936005,-0.0388384910714711,0.1449014462520418,-0.0756922325361251,0.1764495061303247,25,823,ridge
y_XLV,0.0203138390723664,0.0068950093560692,0.0300956139157199,0.0129463071203225,-13.23749826527516,13.025050080946242,0.4765657569070348,0.080239947003572,0.4765657569070348,0.080239947003572,-0.005987079731223,0.1825352892737071,-0.033845923346123,0.1847969418801144,25,823,ridge
y_XLY,0.0338312067526445,0.009263374499243,0.0488908931807354,0.014972330017371,-15.5900146223616,10.40577995001096,0.4642067054739467,0.0741269054326068,0.4642067054739467,0.0741269054326068,-0.0662125665322115,0.1110859514049521,-0.0610628492339096,0.1481769788382038,25,823,ridge
y_BTC-USD,0.0178764334952905,0.0032474393147071,0.0240361779433488,0.0050918391817902,-0.0995507047015851,0.112149880907581,0.4826666666666666,0.0679018900080599,0.4826666666666666,0.0679018900080599,0.0427329638538068,0.1009184740640869,-0.0029786051681022,0.1205930310246753,25,1500,rf
y_GLD,0.0089055786002191,0.003299560012764,0.0118340634591337,0.0054846174400388,-0.0624501117691689,0.0562524913484095,0.5094850551731891,0.0564566046147347,0.5094850551731891,0.0564566046147347,-0.0249793322674616,0.116468920251939,-0.0195732215151728,0.147638723799628,25,823,rf
y_TLT,0.0059576254610374,0.0011290773382934,0.0073534076106645,0.0014285458866809,-0.0517798494589755,0.0939568863622855,0.5424672029053368,0.069886566280496,0.5424672029053368,0.069886566280496,0.1017156238981185,0.1538661847816795,0.0997772820211116,0.1495292653218849,25,823,rf
y_UUP,0.003486805395225,0.0006429234313537,0.0044740959689597,0.0009887230463297,-0.0788509635620297,0.116996408192762,0.5139594506191869,0.0995426070436737,0.5139594506191869,0.0995426070436737,0.035414210616833,0.2012219047640213,0.0145664229411889,0.2410499829429548,25,823,rf
y_XLB,0.0091659689885713,0.0024185841456706,0.0118517831918983,0.0045461904411074,-0.1712212201771971,0.1116021859553533,0.3986669503728327,0.0752162610540247,0.3986669503728327,0.0752162610540247,-0.1624851228696115,0.171464363066687,-0.1812660582812193,0.1840863465170955,25,823,rf
y_XLC,0.0077430292225593,0.0030505909090239,0.0102856877677283,0.0049028747731567,-0.1238277317171443,0.1316367357250769,0.5531779060612732,0.0824123921960412,0.5531779060612732,0.0824123921960412,0.0692265516526088,0.1571562116022096,0.0556291204875548,0.1623079546837722,25,823,rf
y_XLE,0.0110924063206761,0.0032056571713676,0.0147487655867738,0.0059985738676003,-0.0968412428455062,0.1192699299992048,0.5069244536283076,0.0834597745150445,0.5069244536283076,0.0834597745150445,0.0176796806324355,0.168452374389023,0.0494293655505073,0.1808745239666287,25,823,rf
y_XLF,0.0082975402144682,0.0022978704032786,0.0114935552814725,0.0044336616054261,-0.1171653846289315,0.1077078038555655,0.469504277511884,0.0881515891680733,0.469504277511884,0.0881515891680733,0.0142353052978062,0.1071920240163951,-0.0149141503703992,0.1440987778980414,25,823,rf
y_XLI,0.0081974643676435,0.0027390069497462,0.0108421389079392,0.0047843981738359,-0.1095919030418558,0.08162488694235,0.4473913378948876,0.0786018293891047,0.4473913378948876,0.0786018293891047,-0.0704165529326268,0.1216738942247642,-0.0746139831148681,0.1169173452161716,25,823,rf
y_XLK,0.011500250246694,0.0041810502007306,0.0154744289467148,0.0069855835533505,-0.0823255394708543,0.0885782605420249,0.4680253546992897,0.072708701460627,0.4680253546992897,0.072708701460627,-0.0540753571777249,0.2004624663523888,-0.0540425639259121,0.1851774115158138,25,823,rf
y_XLP,0.006644234900734,0.0016825994914574,0.0082439815105862,0.002436495556776,-0.0947026088829198,0.0935929484234033,0.4792203294150555,0.0978665089401973,0.4792203294150555,0.0978665089401973,-0.0032822599902382,0.1313428455011849,-0.0030550794272574,0.1576272550227468,25,823,rf
y_XLRE,0.0076232561476154,0.0016836057147988,0.0102895494756859,0.0027917854865873,-0.1228893698561176,0.1987242383066939,0.5293094051745166,0.0913611055894579,0.5293094051745166,0.0913611055894579,0.041371213926101,0.2308447233126221,0.0743972246937419,0.1989029984379006,25,823,rf
y_XLU,0.0078207918950725,0.0011075673915683,0.0101755284158684,0.002076263997198,-0.1050339167289146,0.1185053316401766,0.4988362714417481,0.1051614517288056,0.4988362714417481,0.1051614517288056,-0.0051806996372495,0.2032514074876696,-0.0251636531547216,0.2369843992273718,25,823,rf
y_XLV,0.0079379199484653,0.0021634623131416,0.0102046222312559,0.0030306630780636,-0.1170825692397895,0.1302879747050006,0.4141235515434298,0.0930085937049608,0.4141235515434298,0.0930085937049608,-0.1046210717605812,0.2301171904562941,-0.136128767662727,0.2138680946214992,25,823,rf
y_XLY,0.0105775528898176,0.0034539089263935,0.01398375370753,0.0053964244869454,-0.0959138089009905,0.0933974100310916,0.5001904800601555,0.0902210476343854,0.5001904800601555,0.0902210476343854,-0.0211939780951893,0.1565725897021537,0.0034867977276105,0.1652309092795365,25,823,rf
y_BTC-USD,0.0266260818901443,0.0051631269752328,0.0360172609042712,0.0088234977029466,-1.794781428962389,1.9482040187192504,0.4753333333333333,0.0602070501593367,0.4753333333333333,0.0602070501593367,0.0033992797440425,0.1351534302091925,-0.0185340372325646,0.1487818440121291,25,1500,mlp
y_GLD,0.0228462915780648,0.0057898082293704,0.0316974138372037,0.0095378547672929,-10.36847974467902,10.216935342026613,0.5036658754392019,0.0860875498512318,0.5036658754392019,0.0860875498512318,-0.0116041895902225,0.1190574579732877,-0.0028285812189857,0.1473224410431816,25,823,mlp
y_TLT,0.0219402679514462,0.0061122493035682,0.0317348732351321,0.0124771939101763,-21.94230367789891,18.030337286944835,0.5159486941961586,0.0972338536242917,0.5159486941961586,0.0972338536242917,0.0385789549768048,0.178787596314652,0.0462502008145637,0.1856110673816055,25,823,mlp
y_UUP,0.0202239799814053,0.0049765140579907,0.0285083561754081,0.0087766400185225,-52.53386594870958,45.18413289760824,0.4950323388376126,0.0898403992082619,0.4950323388376126,0.0898403992082619,0.0063705251428064,0.1544339845788696,0.0055314459831557,0.1657627830908177,25,823,mlp
y_XLB,0.021806161362496,0.0052056087523164,0.0295012882463318,0.0086986665078287,-8.820467064304896,7.529095855843291,0.4795357362051073,0.0985426548580441,0.4795357362051073,0.0985426548580441,0.0345129283020879,0.2037786152677637,0.0264244593667415,0.2242391678986393,25,823,mlp
y_XLC,0.022117026887242,0.0052967248577445,0.0306461591118201,0.0081811693955897,-12.956970887886078,9.207016757187452,0.48649947262929,0.0830827808363503,0.48649947262929,0.0830827808363503,-0.0429649317076306,0.1378298676222078,-0.0570178551915961,0.1368545445623751,25,823,mlp
y_XLE,0.0239815210578364,0.0058425247263087,0.0321924887178446,0.0088731841839852,-5.533708275213096,3.8151545570079417,0.504334065895932,0.0773925321908134,0.504334065895932,0.0773925321908134,0.0304958498930039,0.1171516736288081,0.0559430347118119,0.1368931430323428,25,823,mlp
y_XLF,0.0222322748424523,0.0061033931670326,0.0305531741631546,0.0090967824260623,-8.698699461067884,6.602480705394329,0.4815347338460928,0.09117179039614,0.4815347338460928,0.09117179039614,0.0261790952278948,0.1353221609811059,0.0138249911011871,0.1482315777255953,25,823,mlp
y_XLI,0.0224191758533348,0.0056587752857864,0.0317638834840453,0.0098484667308859,-11.008762070409205,7.310579576192785,0.4807445560270104,0.0626078235712893,0.4807445560270104,0.0626078235712893,-0.0230344877364931,0.1516885343702577,-0.0352952114217693,0.1717536675055399,25,823,mlp
y_XLK,0.0249630455295612,0.0081783726179268,0.0337117030634266,0.0135609734953701,-5.774810025535796,6.111295423100106,0.464754308963741,0.088212048232218,0.464754308963741,0.088212048232218,-0.0546998864557486,0.1756014675496017,-0.0725430327334644,0.1831998901192714,25,823,mlp
y_XLP,0.0214693786870809,0.0069702127501386,0.0300887483292708,0.0125405310603282,-17.66945494025865,21.356618621354627,0.4987768662342698,0.0729809889778251,0.4987768662342698,0.0729809889778251,-0.0653738747017188,0.1405507169846319,-0.055225698498319,0.1414469684959496,25,823,mlp
y_XLRE,0.0220517325789924,0.0065434600943785,0.032159200012729,0.0117430891042674,-11.105292906975889,8.275822764832988,0.5056437130144027,0.0836210210920966,0.5056437130144027,0.0836210210920966,0.0343015721122376,0.1366911802955004,0.0445022727009096,0.1371094190273998,25,823,mlp
y_XLU,0.0237635791233687,0.0062278405436363,0.0341612965909243,0.0111241399499356,-13.226838286791576,9.834482304879254,0.4934196454561567,0.0836577302269018,0.4934196454561567,0.0836577302269018,-0.0070974851837028,0.1570748215675213,-0.0286167781490947,0.1848837850012365,25,823,mlp
y_XLV,0.022463532449514,0.004810228706663,0.0317832570492975,0.0088960140738366,-13.288297323303055,12.295042341115822,0.4727302224249485,0.0811404959762188,0.4727302224249485,0.0811404959762188,-0.0307265602651972,0.1485606203469532,-0.0282720997895977,0.1629729512795995,25,823,mlp
y_XLY,0.024420967282864,0.0061238108800473,0.0349191325816634,0.0105206684367614,-7.067248587153365,4.677250937539065,0.4915335488935894,0.0794824438253434,0.4915335488935894,0.0794824438253434,0.0207319564053513,0.1516503232092331,0.0135344326682294,0.1893703992015881,25,823,mlp
